benchmark,category,variant,size,time_1
2mm,polybench/linear-algebra/kernels,clang,EXTRALARGE,9.889665
2mm,polybench/linear-algebra/kernels,gcc,EXTRALARGE,5.7579675
2mm,polybench/linear-algebra/kernels,jax,EXTRALARGE,0.0547976050293073
2mm,polybench/linear-algebra/kernels,jax_gpu,EXTRALARGE,0.0041170665062964
2mm,polybench/linear-algebra/kernels,jax_gpu_onlykernel,EXTRALARGE,7.57045345380902e-05
2mm,polybench/linear-algebra/kernels,numba,EXTRALARGE,8.65569488797337
2mm,polybench/linear-algebra/kernels,numpy,EXTRALARGE,0.0594342349795625
2mm,polybench/linear-algebra/kernels,polly,EXTRALARGE,1.099117
2mm,polybench/linear-algebra/kernels,polly-parallel,EXTRALARGE,1.0993275
2mm,polybench/linear-algebra/kernels,polly-parallel-vectorizer,EXTRALARGE,1.0974685
2mm,polybench/linear-algebra/kernels,polly-vectorizer,EXTRALARGE,1.09448
2mm,polybench/linear-algebra/kernels,torch,EXTRALARGE,0.0572948020417243
2mm,polybench/linear-algebra/kernels,torch_compiled,EXTRALARGE,0.0459097799612209
2mm,polybench/linear-algebra/kernels,torch_gpu_onlykernel,EXTRALARGE,4.53195534646511e-05
3mm,polybench/linear-algebra/kernels,clang,EXTRALARGE,15.804082
3mm,polybench/linear-algebra/kernels,gcc,EXTRALARGE,9.222143
3mm,polybench/linear-algebra/kernels,jax,EXTRALARGE,0.072161098010838
3mm,polybench/linear-algebra/kernels,jax_gpu,EXTRALARGE,0.004218335961923
3mm,polybench/linear-algebra/kernels,jax_gpu_onlykernel,EXTRALARGE,7.43900891393423e-05
3mm,polybench/linear-algebra/kernels,numba,EXTRALARGE,14.7879093560623
3mm,polybench/linear-algebra/kernels,numpy,EXTRALARGE,0.0527405649190769
3mm,polybench/linear-algebra/kernels,polly,EXTRALARGE,1.629636
3mm,polybench/linear-algebra/kernels,polly-parallel,EXTRALARGE,1.6340925
3mm,polybench/linear-algebra/kernels,polly-parallel-vectorizer,EXTRALARGE,1.6336
3mm,polybench/linear-algebra/kernels,polly-vectorizer,EXTRALARGE,1.6333965
3mm,polybench/linear-algebra/kernels,torch,EXTRALARGE,0.0666562245460227
3mm,polybench/linear-algebra/kernels,torch_compiled,EXTRALARGE,0.0657035314943641
3mm,polybench/linear-algebra/kernels,torch_gpu_onlykernel,EXTRALARGE,2.76993960142136e-05
array_inc,simpl_array,clang,EXTRALARGE,0.027158
array_inc,simpl_array,gcc,EXTRALARGE,0.027146
array_inc,simpl_array,jax,EXTRALARGE,0.118013927480206
array_inc,simpl_array,jax_gpu,EXTRALARGE,0.0383807086618617
array_inc,simpl_array,jax_gpu_onlykernel,EXTRALARGE,4.57845162600279e-05
array_inc,simpl_array,numba,EXTRALARGE,0.030365341459401
array_inc,simpl_array,numpy,EXTRALARGE,0.098738893517293
array_inc,simpl_array,polly,EXTRALARGE,0.0270725
array_inc,simpl_array,polly-parallel,EXTRALARGE,0.027063
array_inc,simpl_array,polly-parallel-vectorizer,EXTRALARGE,0.0270975
array_inc,simpl_array,polly-vectorizer,EXTRALARGE,0.0271025
array_inc,simpl_array,torch,EXTRALARGE,0.121706311125308
array_inc,simpl_array,torch_compiled,EXTRALARGE,0.0234508705325425
array_inc,simpl_array,torch_gpu_onlykernel,EXTRALARGE,4.8969523049891e-05
array_sum,simpl_array,clang,EXTRALARGE,0.055896
array_sum,simpl_array,gcc,EXTRALARGE,0.056417
array_sum,simpl_array,jax,EXTRALARGE,0.0127184943994507
array_sum,simpl_array,jax_gpu,EXTRALARGE,0.0383564635412768
array_sum,simpl_array,jax_gpu_onlykernel,EXTRALARGE,4.79449518024921e-05
array_sum,simpl_array,numba,EXTRALARGE,0.0750867013121024
array_sum,simpl_array,numpy,EXTRALARGE,0.0248731255996972
array_sum,simpl_array,polly,EXTRALARGE,0.0562945
array_sum,simpl_array,polly-parallel,EXTRALARGE,0.055995
array_sum,simpl_array,polly-parallel-vectorizer,EXTRALARGE,0.055277
array_sum,simpl_array,polly-vectorizer,EXTRALARGE,0.0564285
array_sum,simpl_array,torch,EXTRALARGE,0.0118370041018352
array_sum,simpl_array,torch_compiled,EXTRALARGE,0.0119732440216467
array_sum,simpl_array,torch_gpu_onlykernel,EXTRALARGE,1.90648715943098e-05
atax,polybench/linear-algebra/kernels,clang,EXTRALARGE,0.003506
atax,polybench/linear-algebra/kernels,gcc,EXTRALARGE,0.003529
atax,polybench/linear-algebra/kernels,jax,EXTRALARGE,0.0012062864843756
atax,polybench/linear-algebra/kernels,jax_gpu,EXTRALARGE,0.00136097043287009
atax,polybench/linear-algebra/kernels,jax_gpu_onlykernel,EXTRALARGE,3.43000283464789e-05
atax,polybench/linear-algebra/kernels,numba,EXTRALARGE,0.00487838545814157
atax,polybench/linear-algebra/kernels,numpy,EXTRALARGE,0.000186653924174607
atax,polybench/linear-algebra/kernels,polly,EXTRALARGE,0.003526
atax,polybench/linear-algebra/kernels,polly-parallel,EXTRALARGE,0.0035245
atax,polybench/linear-algebra/kernels,polly-parallel-vectorizer,EXTRALARGE,0.0035215
atax,polybench/linear-algebra/kernels,polly-vectorizer,EXTRALARGE,0.0035175
atax,polybench/linear-algebra/kernels,torch,EXTRALARGE,0.00161635293625295
atax,polybench/linear-algebra/kernels,torch_compiled,EXTRALARGE,0.00124729098752141
atax,polybench/linear-algebra/kernels,torch_gpu_onlykernel,EXTRALARGE,4.43044118583202e-05
bicg,polybench/linear-algebra/kernels,clang,EXTRALARGE,0.0033185
bicg,polybench/linear-algebra/kernels,gcc,EXTRALARGE,0.0033335
bicg,polybench/linear-algebra/kernels,jax,EXTRALARGE,0.00112792709842324
bicg,polybench/linear-algebra/kernels,jax_gpu,EXTRALARGE,0.00133352540433407
bicg,polybench/linear-algebra/kernels,jax_gpu_onlykernel,EXTRALARGE,3.93349910154939e-05
bicg,polybench/linear-algebra/kernels,numba,EXTRALARGE,0.0180489724734798
bicg,polybench/linear-algebra/kernels,numpy,EXTRALARGE,0.000162433600053191
bicg,polybench/linear-algebra/kernels,polly,EXTRALARGE,0.0022115
bicg,polybench/linear-algebra/kernels,polly-parallel,EXTRALARGE,0.002233
bicg,polybench/linear-algebra/kernels,polly-parallel-vectorizer,EXTRALARGE,0.0022745
bicg,polybench/linear-algebra/kernels,polly-vectorizer,EXTRALARGE,0.0020965
bicg,polybench/linear-algebra/kernels,torch,EXTRALARGE,0.00152222439646721
bicg,polybench/linear-algebra/kernels,torch_compiled,EXTRALARGE,0.00102601700928062
bicg,polybench/linear-algebra/kernels,torch_gpu_onlykernel,EXTRALARGE,3.08795133605599e-05
color_burn8,blend,clang,EXTRALARGE,0.1567945
color_burn8,blend,gcc,EXTRALARGE,0.157429
color_burn8,blend,jax,EXTRALARGE,0.0790181953925639
color_burn8,blend,jax_gpu,EXTRALARGE,0.0259305874351412
color_burn8,blend,jax_gpu_onlykernel,EXTRALARGE,2.95100035145879e-05
color_burn8,blend,numba,EXTRALARGE,0.185715393628925
color_burn8,blend,numpy,EXTRALARGE,0.140574786113575
color_burn8,blend,polly,EXTRALARGE,0.1694895
color_burn8,blend,polly-parallel,EXTRALARGE,0.028915
color_burn8,blend,polly-parallel-vectorizer,EXTRALARGE,0.029233
color_burn8,blend,polly-vectorizer,EXTRALARGE,0.168383
color_burn8,blend,torch,EXTRALARGE,0.194620790542103
color_burn8,blend,torch_compiled,EXTRALARGE,0.0677915690466762
color_burn8,blend,torch_gpu_onlykernel,EXTRALARGE,7.73940701037645e-05
color_dodge8,blend,clang,EXTRALARGE,0.1537345
color_dodge8,blend,gcc,EXTRALARGE,0.1555935
color_dodge8,blend,jax,EXTRALARGE,0.0823690799297765
color_dodge8,blend,jax_gpu,EXTRALARGE,0.0256908446317539
color_dodge8,blend,jax_gpu_onlykernel,EXTRALARGE,3.17540252581239e-05
color_dodge8,blend,numba,EXTRALARGE,0.198324111523107
color_dodge8,blend,numpy,EXTRALARGE,0.129299953929149
color_dodge8,blend,polly,EXTRALARGE,0.1721615
color_dodge8,blend,polly-parallel,EXTRALARGE,0.028654
color_dodge8,blend,polly-parallel-vectorizer,EXTRALARGE,0.0293695
color_dodge8,blend,polly-vectorizer,EXTRALARGE,0.169855
color_dodge8,blend,torch,EXTRALARGE,0.151430704514496
color_dodge8,blend,torch_compiled,EXTRALARGE,0.0671720680547878
color_dodge8,blend,torch_gpu_onlykernel,EXTRALARGE,7.04500125721097e-05
correlation,polybench/datamining,clang,EXTRALARGE,25.175382
correlation,polybench/datamining,gcc,EXTRALARGE,25.207011
correlation,polybench/datamining,jax,EXTRALARGE,0.0824468558421358
correlation,polybench/datamining,jax_gpu,EXTRALARGE,0.00295792892575264
correlation,polybench/datamining,jax_gpu_onlykernel,EXTRALARGE,5.82949724048376e-05
correlation,polybench/datamining,numba,EXTRALARGE,9.3045006019529
correlation,polybench/datamining,numba_parallel,EXTRALARGE,0.8473512069904245
correlation,polybench/datamining,numpy,EXTRALARGE,0.0605036730412394
correlation,polybench/datamining,polly,EXTRALARGE,3.0096695
correlation,polybench/datamining,polly-parallel,EXTRALARGE,0.353229
correlation,polybench/datamining,polly-parallel-vectorizer,EXTRALARGE,0.169634
correlation,polybench/datamining,polly-vectorizer,EXTRALARGE,1.6213585
correlation,polybench/datamining,torch,EXTRALARGE,0.100808488554321
correlation,polybench/datamining,torch_compiled,EXTRALARGE,0.0776304254541174
correlation,polybench/datamining,torch_gpu_onlykernel,EXTRALARGE,0.00120414583943784
covariance,polybench/datamining,clang,EXTRALARGE,24.7102665
covariance,polybench/datamining,gcc,EXTRALARGE,24.9120055
covariance,polybench/datamining,jax,EXTRALARGE,0.0783303994685411
covariance,polybench/datamining,jax_gpu,EXTRALARGE,0.00308111344929785
covariance,polybench/datamining,jax_gpu_onlykernel,EXTRALARGE,5.94038283452392e-05
covariance,polybench/datamining,numba,EXTRALARGE,21.5289729816141
covariance,polybench/datamining,numpy,EXTRALARGE,0.0493661436485127
covariance,polybench/datamining,polly,EXTRALARGE,2.967253
covariance,polybench/datamining,polly-parallel,EXTRALARGE,0.3306615
covariance,polybench/datamining,polly-parallel-vectorizer,EXTRALARGE,0.13063
covariance,polybench/datamining,polly-vectorizer,EXTRALARGE,1.3876315
covariance,polybench/datamining,torch,EXTRALARGE,0.0908358194865286
covariance,polybench/datamining,torch_compiled,EXTRALARGE,0.0733709044288844
covariance,polybench/datamining,torch_gpu_onlykernel,EXTRALARGE,8.40494176372886e-05
cube_in_place,simpl_array,clang,EXTRALARGE,0.0271
cube_in_place,simpl_array,gcc,EXTRALARGE,0.0272125
cube_in_place,simpl_array,jax,EXTRALARGE,0.119359819917008
cube_in_place,simpl_array,jax_gpu,EXTRALARGE,0.0382905739825219
cube_in_place,simpl_array,jax_gpu_onlykernel,EXTRALARGE,3.32144554704428e-05
cube_in_place,simpl_array,numba,EXTRALARGE,0.0293226034846157
cube_in_place,simpl_array,numpy,EXTRALARGE,0.833958582486957
cube_in_place,simpl_array,polly,EXTRALARGE,0.0271755
cube_in_place,simpl_array,polly-parallel,EXTRALARGE,0.027169
cube_in_place,simpl_array,polly-parallel-vectorizer,EXTRALARGE,0.027148
cube_in_place,simpl_array,polly-vectorizer,EXTRALARGE,0.0272305
cube_in_place,simpl_array,torch,EXTRALARGE,0.121808947995305
cube_in_place,simpl_array,torch_compiled,EXTRALARGE,0.0233982590725645
cube_in_place,simpl_array,torch_gpu_onlykernel,EXTRALARGE,4.45646001026034e-05
darken_blend8,blend,clang,EXTRALARGE,0.1320615
darken_blend8,blend,gcc,EXTRALARGE,0.1316025
darken_blend8,blend,jax,EXTRALARGE,0.0822941240621731
darken_blend8,blend,jax_gpu,EXTRALARGE,0.0257196645252407
darken_blend8,blend,jax_gpu_onlykernel,EXTRALARGE,3.03849810734391e-05
darken_blend8,blend,numba,EXTRALARGE,0.182325489004143
darken_blend8,blend,numpy,EXTRALARGE,0.160750405979343
darken_blend8,blend,polly,EXTRALARGE,0.1531095
darken_blend8,blend,polly-parallel,EXTRALARGE,0.029017
darken_blend8,blend,polly-parallel-vectorizer,EXTRALARGE,0.029512
darken_blend8,blend,polly-vectorizer,EXTRALARGE,0.165757
darken_blend8,blend,torch,EXTRALARGE,0.0761319685261697
darken_blend8,blend,torch_compiled,EXTRALARGE,0.0584412574535236
darken_blend8,blend,torch_gpu_onlykernel,EXTRALARGE,2.22499947994947e-05
dct,utdsp,clang,EXTRALARGE,1.099166
dct,utdsp,gcc,EXTRALARGE,0.5708115
dct,utdsp,jax,EXTRALARGE,0.00846165150869638
dct,utdsp,jax_gpu,EXTRALARGE,0.000798494555056095
dct,utdsp,jax_gpu_onlykernel,EXTRALARGE,2.61344248428941e-05
dct,utdsp,numba,EXTRALARGE,1.10559598449618
dct,utdsp,numpy,EXTRALARGE,0.0106582380831242
dct,utdsp,polly,EXTRALARGE,0.1517925
dct,utdsp,polly-parallel,EXTRALARGE,0.152059
dct,utdsp,polly-parallel-vectorizer,EXTRALARGE,0.1519285
dct,utdsp,polly-vectorizer,EXTRALARGE,0.1517805
dct,utdsp,torch,EXTRALARGE,0.014409861410968
dct,utdsp,torch_compiled,EXTRALARGE,0.0139817709568888
dct,utdsp,torch_gpu_onlykernel,EXTRALARGE,5.82045176997781e-05
dissolve_blend8,blend,clang,EXTRALARGE,0.1339805
dissolve_blend8,blend,gcc,EXTRALARGE,0.122678
dissolve_blend8,blend,jax,EXTRALARGE,0.0820704631041735
dissolve_blend8,blend,jax_gpu,EXTRALARGE,0.0285038740839809
dissolve_blend8,blend,jax_gpu_onlykernel,EXTRALARGE,7.8294426202774e-05
dissolve_blend8,blend,numba,EXTRALARGE,0.176866837427951
dissolve_blend8,blend,numpy,EXTRALARGE,0.0599708175286651
dissolve_blend8,blend,polly,EXTRALARGE,0.1326745
dissolve_blend8,blend,polly-parallel,EXTRALARGE,0.1337955
dissolve_blend8,blend,polly-parallel-vectorizer,EXTRALARGE,0.132752
dissolve_blend8,blend,polly-vectorizer,EXTRALARGE,0.133839
dissolve_blend8,blend,torch,EXTRALARGE,0.0591389944311231
dissolve_blend8,blend,torch_compiled,EXTRALARGE,0.0670602159807459
dissolve_blend8,blend,torch_gpu_onlykernel,EXTRALARGE,6.19149068370461e-05
diveq,mathfu,clang,EXTRALARGE,0.050185
diveq,mathfu,gcc,EXTRALARGE,0.050351
diveq,mathfu,jax,EXTRALARGE,0.117454147431999
diveq,mathfu,jax_gpu,EXTRALARGE,0.0497066040989012
diveq,mathfu,jax_gpu_onlykernel,EXTRALARGE,3.19349346682429e-05
diveq,mathfu,numba,EXTRALARGE,0.102473421837203
diveq,mathfu,numpy,EXTRALARGE,0.112163840327412
diveq,mathfu,polly,EXTRALARGE,0.0499745
diveq,mathfu,polly-parallel,EXTRALARGE,0.049501
diveq,mathfu,polly-parallel-vectorizer,EXTRALARGE,0.0500015
diveq,mathfu,polly-vectorizer,EXTRALARGE,0.0493465
diveq,mathfu,torch,EXTRALARGE,0.121917093521915
diveq,mathfu,torch_compiled,EXTRALARGE,0.036903013009578
diveq,mathfu,torch_gpu,EXTRALARGE,2.71151075139642e-05
diveq,mathfu,torch_gpu_onlykernel,EXTRALARGE,1.33200082927942e-05
diveq_sca,mathfu,clang,EXTRALARGE,0.046619
diveq_sca,mathfu,gcc,EXTRALARGE,0.046867
diveq_sca,mathfu,jax,EXTRALARGE,0.115723771508783
diveq_sca,mathfu,jax_gpu,EXTRALARGE,0.0378352369880304
diveq_sca,mathfu,jax_gpu_onlykernel,EXTRALARGE,6.4229010604322e-05
diveq_sca,mathfu,numba,EXTRALARGE,0.0337195891188458
diveq_sca,mathfu,numpy,EXTRALARGE,0.104752926970832
diveq_sca,mathfu,polly,EXTRALARGE,0.0467105
diveq_sca,mathfu,polly-parallel,EXTRALARGE,0.0465775
diveq_sca,mathfu,polly-parallel-vectorizer,EXTRALARGE,0.045646
diveq_sca,mathfu,polly-vectorizer,EXTRALARGE,0.046416
diveq_sca,mathfu,torch,EXTRALARGE,0.113886129460298
diveq_sca,mathfu,torch_compiled,EXTRALARGE,0.02343171951361
diveq_sca,mathfu,torch_gpu,EXTRALARGE,3.92545480281115e-05
diveq_sca,mathfu,torch_gpu_onlykernel,EXTRALARGE,2.83845001831651e-05
doitgen,polybench/linear-algebra/kernels,clang,EXTRALARGE,2.04634
doitgen,polybench/linear-algebra/kernels,gcc,EXTRALARGE,1.1412175
doitgen,polybench/linear-algebra/kernels,jax,EXTRALARGE,0.0297482263995335
doitgen,polybench/linear-algebra/kernels,jax_gpu,EXTRALARGE,0.00544780702330172
doitgen,polybench/linear-algebra/kernels,jax_gpu_onlykernel,EXTRALARGE,3.6654993891716e-05
doitgen,polybench/linear-algebra/kernels,numba,EXTRALARGE,2.06204691459425
doitgen,polybench/linear-algebra/kernels,numpy,EXTRALARGE,0.0362239454407245
doitgen,polybench/linear-algebra/kernels,polly,EXTRALARGE,2.0554905
doitgen,polybench/linear-algebra/kernels,polly-parallel,EXTRALARGE,2.043056
doitgen,polybench/linear-algebra/kernels,polly-parallel-vectorizer,EXTRALARGE,2.0201725
doitgen,polybench/linear-algebra/kernels,polly-vectorizer,EXTRALARGE,2.0410165
doitgen,polybench/linear-algebra/kernels,torch,EXTRALARGE,0.0385840545641258
doitgen,polybench/linear-algebra/kernels,torch_compiled,EXTRALARGE,0.0388061554403976
doitgen,polybench/linear-algebra/kernels,torch_gpu_onlykernel,EXTRALARGE,1.35349109768867e-05
dot,blas,clang,EXTRALARGE,0.05925
dot,blas,gcc,EXTRALARGE,0.0590345
dot,blas,jax,EXTRALARGE,0.0899129185127094
dot,blas,jax_gpu,EXTRALARGE,0.0494815864367411
dot,blas,jax_gpu_onlykernel,EXTRALARGE,3.8039986975491e-05
dot,blas,numba,EXTRALARGE,0.0803410620428622
dot,blas,numpy,EXTRALARGE,0.02377815451473
dot,blas,polly,EXTRALARGE,0.0584235
dot,blas,polly-parallel,EXTRALARGE,0.0592495
dot,blas,polly-parallel-vectorizer,EXTRALARGE,0.058429
dot,blas,polly-vectorizer,EXTRALARGE,0.0592555
dot,blas,torch,EXTRALARGE,0.0239095225697383
dot,blas,torch_compiled,EXTRALARGE,0.0243315360276029
dot,blas,torch_gpu,EXTRALARGE,1.81649811565876e-05
dot,blas,torch_gpu_onlykernel,EXTRALARGE,1.06650404632092e-05
fir_small,utdsp,clang,EXTRALARGE,0.05926
fir_small,utdsp,gcc,EXTRALARGE,0.05891
fir_small,utdsp,jax,EXTRALARGE,0.0756140135927126
fir_small,utdsp,jax_gpu,EXTRALARGE,0.0545915858820081
fir_small,utdsp,jax_gpu_onlykernel,EXTRALARGE,5.36551233381033e-05
fir_small,utdsp,numba,EXTRALARGE,0.0593198369024321
fir_small,utdsp,numpy,EXTRALARGE,0.023807963472791
fir_small,utdsp,polly,EXTRALARGE,0.059279
fir_small,utdsp,polly-parallel,EXTRALARGE,0.0586685
fir_small,utdsp,polly-parallel-vectorizer,EXTRALARGE,0.058275
fir_small,utdsp,polly-vectorizer,EXTRALARGE,0.0593395
fir_small,utdsp,torch,EXTRALARGE,0.0238390690647066
fir_small,utdsp,torch_compiled,EXTRALARGE,0.0242452694801614
fir_small,utdsp,torch_gpu_onlykernel,EXTRALARGE,1.23538775369525e-05
fourth_in_place,simpl_array,clang,EXTRALARGE,0.0273265
fourth_in_place,simpl_array,gcc,EXTRALARGE,0.027022
fourth_in_place,simpl_array,jax,EXTRALARGE,0.118542858399451
fourth_in_place,simpl_array,jax_gpu,EXTRALARGE,0.0383362090215087
fourth_in_place,simpl_array,jax_gpu_onlykernel,EXTRALARGE,3.55938682332635e-05
fourth_in_place,simpl_array,numba,EXTRALARGE,0.0290677450830117
fourth_in_place,simpl_array,numpy,EXTRALARGE,0.852322070510127
fourth_in_place,simpl_array,polly,EXTRALARGE,0.0271975
fourth_in_place,simpl_array,polly-parallel,EXTRALARGE,0.0274005
fourth_in_place,simpl_array,polly-parallel-vectorizer,EXTRALARGE,0.0271715
fourth_in_place,simpl_array,polly-vectorizer,EXTRALARGE,0.027227
fourth_in_place,simpl_array,torch,EXTRALARGE,0.133009208017029
fourth_in_place,simpl_array,torch_compiled,EXTRALARGE,0.0233036344870925
fourth_in_place,simpl_array,torch_gpu_onlykernel,EXTRALARGE,0.000122714089229703
gemm,polybench/linear-algebra/blas,clang,EXTRALARGE,3.725341
gemm,polybench/linear-algebra/blas,gcc,EXTRALARGE,3.2049825
gemm,polybench/linear-algebra/blas,jax,EXTRALARGE,0.0524545083753765
gemm,polybench/linear-algebra/blas,jax_gpu,EXTRALARGE,0.00438414409290999
gemm,polybench/linear-algebra/blas,jax_gpu_onlykernel,EXTRALARGE,9.78040043264627e-05
gemm,polybench/linear-algebra/blas,numba,EXTRALARGE,10.1437942378689
gemm,polybench/linear-algebra/blas,numpy,EXTRALARGE,0.0431900010444224
gemm,polybench/linear-algebra/blas,polly,EXTRALARGE,1.079479
gemm,polybench/linear-algebra/blas,polly-parallel,EXTRALARGE,1.0737855
gemm,polybench/linear-algebra/blas,polly-parallel-vectorizer,EXTRALARGE,1.075257
gemm,polybench/linear-algebra/blas,polly-vectorizer,EXTRALARGE,1.0910195
gemm,polybench/linear-algebra/blas,torch,EXTRALARGE,0.0652860155096278
gemm,polybench/linear-algebra/blas,torch_compiled,EXTRALARGE,0.0569816471543163
gemm,polybench/linear-algebra/blas,torch_gpu_onlykernel,EXTRALARGE,4.76698623970151e-05
gemm_nn,darknet,clang,EXTRALARGE,4.581071
gemm_nn,darknet,gcc,EXTRALARGE,3.6776435
gemm_nn,darknet,jax,EXTRALARGE,0.0723237405763939
gemm_nn,darknet,jax_gpu,EXTRALARGE,0.00467601337004453
gemm_nn,darknet,jax_gpu_onlykernel,EXTRALARGE,5.2839401178062e-05
gemm_nn,darknet,numba,EXTRALARGE,2.87570655043237
gemm_nn,darknet,numpy,EXTRALARGE,0.0599100940162316
gemm_nn,darknet,polly,EXTRALARGE,1.2251565
gemm_nn,darknet,polly-parallel,EXTRALARGE,1.2253855
gemm_nn,darknet,polly-parallel-vectorizer,EXTRALARGE,1.2246455
gemm_nn,darknet,polly-vectorizer,EXTRALARGE,1.225401
gemm_nn,darknet,torch,EXTRALARGE,0.0650856561260298
gemm_nn,darknet,torch_compiled,EXTRALARGE,0.0610811895458028
gemm_nn,darknet,torch_gpu,EXTRALARGE,3.71246132999659e-05
gemm_nn,darknet,torch_gpu_onlykernel,EXTRALARGE,4.71391249448061e-05
gemm_nt,darknet,clang,EXTRALARGE,8.6112255
gemm_nt,darknet,gcc,EXTRALARGE,8.5121335
gemm_nt,darknet,jax,EXTRALARGE,0.0626489544520155
gemm_nt,darknet,jax_gpu,EXTRALARGE,0.00466823345050216
gemm_nt,darknet,jax_gpu_onlykernel,EXTRALARGE,5.96796162426472e-05
gemm_nt,darknet,numba,EXTRALARGE,8.11438289203215
gemm_nt,darknet,numpy,EXTRALARGE,0.0552496433956549
gemm_nt,darknet,polly,EXTRALARGE,8.6190025
gemm_nt,darknet,polly-parallel,EXTRALARGE,8.630241
gemm_nt,darknet,polly-parallel-vectorizer,EXTRALARGE,8.633798
gemm_nt,darknet,polly-vectorizer,EXTRALARGE,8.614276
gemm_nt,darknet,torch,EXTRALARGE,0.065535148489289
gemm_nt,darknet,torch_compiled,EXTRALARGE,0.0534173105843365
gemm_nt,darknet,torch_gpu,EXTRALARGE,5.83399087190628e-05
gemm_nt,darknet,torch_gpu_onlykernel,EXTRALARGE,8.41243891045451e-05
gemm_tn,darknet,clang,EXTRALARGE,3.1716615
gemm_tn,darknet,gcc,EXTRALARGE,2.5461655
gemm_tn,darknet,jax,EXTRALARGE,0.047930259606801
gemm_tn,darknet,jax_gpu,EXTRALARGE,0.0034891270333901
gemm_tn,darknet,jax_gpu_onlykernel,EXTRALARGE,8.00444977357984e-05
gemm_tn,darknet,numba,EXTRALARGE,2.26806732150726
gemm_tn,darknet,numpy,EXTRALARGE,0.048436627490446
gemm_tn,darknet,polly,EXTRALARGE,3.5498115
gemm_tn,darknet,polly-parallel,EXTRALARGE,0.397319
gemm_tn,darknet,polly-parallel-vectorizer,EXTRALARGE,0.2999765
gemm_tn,darknet,polly-vectorizer,EXTRALARGE,1.529584
gemm_tn,darknet,torch,EXTRALARGE,0.056555477087386
gemm_tn,darknet,torch_compiled,EXTRALARGE,0.0447716395137832
gemm_tn,darknet,torch_gpu,EXTRALARGE,0.000103594036772847
gemm_tn,darknet,torch_gpu_onlykernel,EXTRALARGE,8.67595663294196e-05
gemm_tt,darknet,clang,EXTRALARGE,8.2573425
gemm_tt,darknet,gcc,EXTRALARGE,6.324314
gemm_tt,darknet,jax,EXTRALARGE,0.0416370254242793
gemm_tt,darknet,jax_gpu,EXTRALARGE,0.00387751893140376
gemm_tt,darknet,jax_gpu_onlykernel,EXTRALARGE,4.85745258629322e-05
gemm_tt,darknet,numba,EXTRALARGE,7.34479902801104
gemm_tt,darknet,numpy,EXTRALARGE,0.0433197114616632
gemm_tt,darknet,polly,EXTRALARGE,8.263203
gemm_tt,darknet,polly-parallel,EXTRALARGE,8.395098
gemm_tt,darknet,polly-parallel-vectorizer,EXTRALARGE,8.422195
gemm_tt,darknet,polly-vectorizer,EXTRALARGE,8.448175
gemm_tt,darknet,torch,EXTRALARGE,0.0588096604915336
gemm_tt,darknet,torch_compiled,EXTRALARGE,0.0449744849465787
gemm_tt,darknet,torch_gpu,EXTRALARGE,6.34239986538887e-05
gemm_tt,darknet,torch_gpu_onlykernel,EXTRALARGE,5.10894460603595e-05
gemv,blas,clang,EXTRALARGE,0.002556
gemv,blas,gcc,EXTRALARGE,0.002378
gemv,blas,jax,EXTRALARGE,0.00060907646548003
gemv,blas,jax_gpu,EXTRALARGE,0.00108444690704346
gemv,blas,jax_gpu_onlykernel,EXTRALARGE,2.8374488465488e-05
gemv,blas,numba,EXTRALARGE,0.00348524807486683
gemv,blas,numpy,EXTRALARGE,9.2599424533546e-05
gemv,blas,polly,EXTRALARGE,0.001469
gemv,blas,polly-parallel,EXTRALARGE,0.0011165
gemv,blas,polly-parallel-vectorizer,EXTRALARGE,0.0011215
gemv,blas,polly-vectorizer,EXTRALARGE,0.00237
gemv,blas,torch,EXTRALARGE,0.000953169423155487
gemv,blas,torch_compiled,EXTRALARGE,0.000333828036673367
gemv,blas,torch_gpu,EXTRALARGE,4.35844995081425e-05
gemv,blas,torch_gpu_onlykernel,EXTRALARGE,3.42590501531959e-05
gemver,polybench/linear-algebra/blas,clang,EXTRALARGE,0.044457
gemver,polybench/linear-algebra/blas,gcc,EXTRALARGE,0.03632
gemver,polybench/linear-algebra/blas,jax,EXTRALARGE,0.0371425825869665
gemver,polybench/linear-algebra/blas,jax_gpu,EXTRALARGE,0.00586915342137218
gemver,polybench/linear-algebra/blas,jax_gpu_onlykernel,EXTRALARGE,8.03250586614013e-05
gemver,polybench/linear-algebra/blas,numba,EXTRALARGE,0.0478599696652964
gemver,polybench/linear-algebra/blas,numpy,EXTRALARGE,0.0719986509066075
gemver,polybench/linear-algebra/blas,polly,EXTRALARGE,0.028303
gemver,polybench/linear-algebra/blas,polly-parallel,EXTRALARGE,0.008368
gemver,polybench/linear-algebra/blas,polly-parallel-vectorizer,EXTRALARGE,0.008479
gemver,polybench/linear-algebra/blas,polly-vectorizer,EXTRALARGE,0.028547
gemver,polybench/linear-algebra/blas,torch,EXTRALARGE,0.106113508110866
gemver,polybench/linear-algebra/blas,torch_compiled,EXTRALARGE,0.0250346199609339
gemver,polybench/linear-algebra/blas,torch_gpu_onlykernel,EXTRALARGE,0.000102058984339237
ger,blas,clang,EXTRALARGE,0.001209
ger,blas,gcc,EXTRALARGE,0.0011215
ger,blas,jax,EXTRALARGE,0.00108987803105265
ger,blas,jax_gpu,EXTRALARGE,0.00126429693773389
ger,blas,jax_gpu_onlykernel,EXTRALARGE,4.01245197281241e-05
ger,blas,numba,EXTRALARGE,0.0010939184576273
ger,blas,numpy,EXTRALARGE,0.0252408824162558
ger,blas,polly,EXTRALARGE,0.00124
ger,blas,polly-parallel,EXTRALARGE,0.001073
ger,blas,polly-parallel-vectorizer,EXTRALARGE,0.000994
ger,blas,polly-vectorizer,EXTRALARGE,0.002283
ger,blas,torch,EXTRALARGE,0.0254167090170085
ger,blas,torch_compiled,EXTRALARGE,0.000210738508030772
ger,blas,torch_gpu,EXTRALARGE,7.84839503467083e-05
ger,blas,torch_gpu_onlykernel,EXTRALARGE,6.1854487285018e-05
gesummv,polybench/linear-algebra/blas,clang,EXTRALARGE,0.0053725
gesummv,polybench/linear-algebra/blas,gcc,EXTRALARGE,0.005465
gesummv,polybench/linear-algebra/blas,jax,EXTRALARGE,0.00263680645730346
gesummv,polybench/linear-algebra/blas,jax_gpu,EXTRALARGE,0.00439019396435469
gesummv,polybench/linear-algebra/blas,jax_gpu_onlykernel,EXTRALARGE,6.44995598122478e-05
gesummv,polybench/linear-algebra/blas,numba,EXTRALARGE,0.00890183495357633
gesummv,polybench/linear-algebra/blas,numpy,EXTRALARGE,0.00121070141904056
gesummv,polybench/linear-algebra/blas,polly,EXTRALARGE,0.0053725
gesummv,polybench/linear-algebra/blas,polly-parallel,EXTRALARGE,0.0054405
gesummv,polybench/linear-algebra/blas,polly-parallel-vectorizer,EXTRALARGE,0.005462
gesummv,polybench/linear-algebra/blas,polly-vectorizer,EXTRALARGE,0.0053645
gesummv,polybench/linear-algebra/blas,torch,EXTRALARGE,0.00405654194764793
gesummv,polybench/linear-algebra/blas,torch_compiled,EXTRALARGE,0.00144931499380618
gesummv,polybench/linear-algebra/blas,torch_gpu_onlykernel,EXTRALARGE,6.35839533060789e-05
histogram,utdsp,clang,EXTRALARGE,0.0105875
histogram,utdsp,gcc,EXTRALARGE,0.0104185
histogram,utdsp,jax,EXTRALARGE,0.116935973055661
histogram,utdsp,jax_gpu,EXTRALARGE,2.58645741268992e-05
histogram,utdsp,jax_gpu_onlykernel,EXTRALARGE,2.21350928768516e-05
histogram,utdsp,numba,EXTRALARGE,0.0272719269851223
histogram,utdsp,numpy,EXTRALARGE,0.0836766120046377
histogram,utdsp,polly,EXTRALARGE,0.0106395
histogram,utdsp,polly-parallel,EXTRALARGE,0.0102615
histogram,utdsp,polly-parallel-vectorizer,EXTRALARGE,0.0103675
histogram,utdsp,polly-vectorizer,EXTRALARGE,0.0101555
histogram,utdsp,torch,EXTRALARGE,0.114745036000386
histogram,utdsp,torch_compiled,EXTRALARGE,0.0122446265304461
histogram,utdsp,torch_gpu_onlykernel,EXTRALARGE,3.41651029884815e-05
len,mathfu,clang,EXTRALARGE,0.0564105
len,mathfu,gcc,EXTRALARGE,0.056367
len,mathfu,jax,EXTRALARGE,0.0894814805360511
len,mathfu,jax_gpu,EXTRALARGE,0.03831308754161
len,mathfu,jax_gpu_onlykernel,EXTRALARGE,1.89999118447304e-05
len,mathfu,numba,EXTRALARGE,0.0706994894426316
len,mathfu,numpy,EXTRALARGE,0.0117793345125392
len,mathfu,polly,EXTRALARGE,0.05642
len,mathfu,polly-parallel,EXTRALARGE,0.056362
len,mathfu,polly-parallel-vectorizer,EXTRALARGE,0.0555445
len,mathfu,polly-vectorizer,EXTRALARGE,0.055642
len,mathfu,torch,EXTRALARGE,0.0118078839732334
len,mathfu,torch_compiled,EXTRALARGE,0.0130095609929413
len,mathfu,torch_gpu,EXTRALARGE,1.57649628818035e-05
len,mathfu,torch_gpu_onlykernel,EXTRALARGE,1.31794949993491e-05
len_sq,mathfu,clang,EXTRALARGE,0.0563315
len_sq,mathfu,gcc,EXTRALARGE,0.0563665
len_sq,mathfu,jax,EXTRALARGE,0.0875010886229575
len_sq,mathfu,jax_gpu,EXTRALARGE,0.0375123574631289
len_sq,mathfu,jax_gpu_onlykernel,EXTRALARGE,3.12899937853217e-05
len_sq,mathfu,numba,EXTRALARGE,0.0798670245567337
len_sq,mathfu,numpy,EXTRALARGE,0.0117812210228294
len_sq,mathfu,polly,EXTRALARGE,0.0553425
len_sq,mathfu,polly-parallel,EXTRALARGE,0.0563555
len_sq,mathfu,polly-parallel-vectorizer,EXTRALARGE,0.056345
len_sq,mathfu,polly-vectorizer,EXTRALARGE,0.055439
len_sq,mathfu,torch,EXTRALARGE,0.0118245800258592
len_sq,mathfu,torch_compiled,EXTRALARGE,0.0125764444237575
len_sq,mathfu,torch_gpu,EXTRALARGE,1.58299226313829e-05
len_sq,mathfu,torch_gpu_onlykernel,EXTRALARGE,8.0944737419486e-06
lerp,mathfu,clang,EXTRALARGE,0.000541
lerp,mathfu,gcc,EXTRALARGE,0.0005505
lerp,mathfu,jax,EXTRALARGE,0.000222333939746022
lerp,mathfu,jax_gpu,EXTRALARGE,0.000580191030167043
lerp,mathfu,jax_gpu_onlykernel,EXTRALARGE,5.88740222156048e-05
lerp,mathfu,numba,EXTRALARGE,0.000377297517843544
lerp,mathfu,numpy,EXTRALARGE,0.00109711301047355
lerp,mathfu,polly,EXTRALARGE,0.0004605
lerp,mathfu,polly-parallel,EXTRALARGE,0.0005145
lerp,mathfu,polly-parallel-vectorizer,EXTRALARGE,0.0004835
lerp,mathfu,polly-vectorizer,EXTRALARGE,0.000458
lerp,mathfu,torch,EXTRALARGE,0.000239267945289612
lerp,mathfu,torch_compiled,EXTRALARGE,8.10300698503852e-05
lerp,mathfu,torch_gpu,EXTRALARGE,7.38844973966479e-05
lerp,mathfu,torch_gpu_onlykernel,EXTRALARGE,6.56701158732176e-05
lighten_blend8,blend,clang,EXTRALARGE,0.1305075
lighten_blend8,blend,gcc,EXTRALARGE,0.134276
lighten_blend8,blend,jax,EXTRALARGE,0.0867688399739563
lighten_blend8,blend,jax_gpu,EXTRALARGE,0.0257439085980877
lighten_blend8,blend,jax_gpu_onlykernel,EXTRALARGE,3.09150200337172e-05
lighten_blend8,blend,numba,EXTRALARGE,0.183598529547453
lighten_blend8,blend,numpy,EXTRALARGE,0.160641003050841
lighten_blend8,blend,polly,EXTRALARGE,0.1534055
lighten_blend8,blend,polly-parallel,EXTRALARGE,0.0290085
lighten_blend8,blend,polly-parallel-vectorizer,EXTRALARGE,0.0295735
lighten_blend8,blend,polly-vectorizer,EXTRALARGE,0.1698
lighten_blend8,blend,torch,EXTRALARGE,0.0766062045004219
lighten_blend8,blend,torch_compiled,EXTRALARGE,0.0612387034343556
lighten_blend8,blend,torch_gpu_onlykernel,EXTRALARGE,2.69800657406449e-05
linear_burn8,blend,clang,EXTRALARGE,0.136191
linear_burn8,blend,gcc,EXTRALARGE,0.1371875
linear_burn8,blend,jax,EXTRALARGE,0.085952069493942
linear_burn8,blend,jax_gpu,EXTRALARGE,0.0258438534801826
linear_burn8,blend,jax_gpu_onlykernel,EXTRALARGE,3.1044939532876e-05
linear_burn8,blend,numba,EXTRALARGE,0.183211307041347
linear_burn8,blend,numpy,EXTRALARGE,0.0620534854242578
linear_burn8,blend,polly,EXTRALARGE,0.1560725
linear_burn8,blend,polly-parallel,EXTRALARGE,0.02888
linear_burn8,blend,polly-parallel-vectorizer,EXTRALARGE,0.0288555
linear_burn8,blend,polly-vectorizer,EXTRALARGE,0.1681155
linear_burn8,blend,torch,EXTRALARGE,0.0952444485155866
linear_burn8,blend,torch_compiled,EXTRALARGE,0.0661449079634622
linear_burn8,blend,torch_gpu_onlykernel,EXTRALARGE,2.36500054597855e-05
linear_dodge8,blend,clang,EXTRALARGE,0.130777
linear_dodge8,blend,gcc,EXTRALARGE,0.135664
linear_dodge8,blend,jax,EXTRALARGE,0.0801643679151312
linear_dodge8,blend,jax_gpu,EXTRALARGE,0.0258143780520186
linear_dodge8,blend,jax_gpu_onlykernel,EXTRALARGE,3.11349285766482e-05
linear_dodge8,blend,numba,EXTRALARGE,0.182827755576
linear_dodge8,blend,numpy,EXTRALARGE,0.0490678730420768
linear_dodge8,blend,polly,EXTRALARGE,0.149373
linear_dodge8,blend,polly-parallel,EXTRALARGE,0.0289585
linear_dodge8,blend,polly-parallel-vectorizer,EXTRALARGE,0.029357
linear_dodge8,blend,polly-vectorizer,EXTRALARGE,0.162495
linear_dodge8,blend,torch,EXTRALARGE,0.0603298461064696
linear_dodge8,blend,torch_compiled,EXTRALARGE,0.0567859839648008
linear_dodge8,blend,torch_gpu_onlykernel,EXTRALARGE,1.32899731397629e-05
lmsfir1,utdsp,clang,EXTRALARGE,0.058144
lmsfir1,utdsp,gcc,EXTRALARGE,0.059
lmsfir1,utdsp,jax,EXTRALARGE,0.0852315130177885
lmsfir1,utdsp,jax_gpu,EXTRALARGE,0.0496221689973027
lmsfir1,utdsp,jax_gpu_onlykernel,EXTRALARGE,2.08800192922354e-05
lmsfir1,utdsp,numba,EXTRALARGE,0.0805595915298909
lmsfir1,utdsp,numpy,EXTRALARGE,0.0237382214982063
lmsfir1,utdsp,polly,EXTRALARGE,0.058974
lmsfir1,utdsp,polly-parallel,EXTRALARGE,0.0591275
lmsfir1,utdsp,polly-parallel-vectorizer,EXTRALARGE,0.058417
lmsfir1,utdsp,polly-vectorizer,EXTRALARGE,0.05915
lmsfir1,utdsp,torch,EXTRALARGE,0.023745512473397
lmsfir1,utdsp,torch_compiled,EXTRALARGE,0.0238354169996455
lmsfir1,utdsp,torch_gpu_onlykernel,EXTRALARGE,1.65699748322368e-05
lmsfir2,utdsp,clang,EXTRALARGE,0.043232
lmsfir2,utdsp,gcc,EXTRALARGE,0.043628
lmsfir2,utdsp,jax,EXTRALARGE,0.122701765038073
lmsfir2,utdsp,jax_gpu,EXTRALARGE,0.054847203544341
lmsfir2,utdsp,jax_gpu_onlykernel,EXTRALARGE,5.62550267204642e-05
lmsfir2,utdsp,numba,EXTRALARGE,0.0414529705885798
lmsfir2,utdsp,numpy,EXTRALARGE,0.134683396434411
lmsfir2,utdsp,polly,EXTRALARGE,0.0442535
lmsfir2,utdsp,polly-parallel,EXTRALARGE,0.0429815
lmsfir2,utdsp,polly-parallel-vectorizer,EXTRALARGE,0.0428955
lmsfir2,utdsp,polly-vectorizer,EXTRALARGE,0.042922
lmsfir2,utdsp,torch,EXTRALARGE,0.207626118441112
lmsfir2,utdsp,torch_compiled,EXTRALARGE,0.0368918339954689
lmsfir2,utdsp,torch_gpu_onlykernel,EXTRALARGE,4.4394051656127e-05
mag_array,darknet,clang,EXTRALARGE,0.056537
mag_array,darknet,gcc,EXTRALARGE,0.0555715
mag_array,darknet,jax,EXTRALARGE,0.0897434834623709
mag_array,darknet,jax_gpu,EXTRALARGE,0.0367413314525038
mag_array,darknet,jax_gpu_onlykernel,EXTRALARGE,3.39149264618754e-05
mag_array,darknet,numba,EXTRALARGE,0.079172533354722
mag_array,darknet,numpy,EXTRALARGE,0.0117946940008551
mag_array,darknet,polly,EXTRALARGE,0.056266
mag_array,darknet,polly-parallel,EXTRALARGE,0.0555385
mag_array,darknet,polly-parallel-vectorizer,EXTRALARGE,0.0561905
mag_array,darknet,polly-vectorizer,EXTRALARGE,0.055881
mag_array,darknet,torch,EXTRALARGE,0.0119146754732355
mag_array,darknet,torch_compiled,EXTRALARGE,0.0119784938869998
mag_array,darknet,torch_gpu,EXTRALARGE,1.40295596793294e-05
mag_array,darknet,torch_gpu_onlykernel,EXTRALARGE,1.203001011163e-05
mat1x3,dspstone,clang,EXTRALARGE,0.000885
mat1x3,dspstone,gcc,EXTRALARGE,0.000732
mat1x3,dspstone,jax,EXTRALARGE,0.000167494057677686
mat1x3,dspstone,jax_gpu,EXTRALARGE,0.000408257474191487
mat1x3,dspstone,jax_gpu_onlykernel,EXTRALARGE,3.48200555890799e-05
mat1x3,dspstone,numba,EXTRALARGE,0.000797110027633607
mat1x3,dspstone,numpy,EXTRALARGE,5.7579018175602e-05
mat1x3,dspstone,polly,EXTRALARGE,0.000541
mat1x3,dspstone,polly-parallel,EXTRALARGE,0.0008765
mat1x3,dspstone,polly-parallel-vectorizer,EXTRALARGE,0.000909
mat1x3,dspstone,polly-vectorizer,EXTRALARGE,0.0003105
mat1x3,dspstone,torch,EXTRALARGE,0.000247739139012992
mat1x3,dspstone,torch_compiled,EXTRALARGE,0.000153103959746659
mat1x3,dspstone,torch_gpu,EXTRALARGE,4.83294716104865e-05
mat1x3,dspstone,torch_gpu_onlykernel,EXTRALARGE,3.32749914377928e-05
matadd,dsp,clang,EXTRALARGE,0.1568625
matadd,dsp,gcc,EXTRALARGE,0.1544335
matadd,dsp,jax,EXTRALARGE,0.361582731013186
matadd,dsp,jax_gpu,EXTRALARGE,0.443885031971149
matadd,dsp,jax_gpu_onlykernel,EXTRALARGE,2.44700349867344e-05
matadd,dsp,numba,EXTRALARGE,0.138795671518892
matadd,dsp,numpy,EXTRALARGE,0.376991726574488
matadd,dsp,polly,EXTRALARGE,0.360616
matadd,dsp,polly-parallel,EXTRALARGE,0.1357925
matadd,dsp,polly-parallel-vectorizer,EXTRALARGE,0.136481
matadd,dsp,polly-vectorizer,EXTRALARGE,0.4099265
matadd,dsp,torch,EXTRALARGE,0.429187176399864
matadd,dsp,torch_compiled,EXTRALARGE,0.132562463986687
matadd,dsp,torch_gpu,EXTRALARGE,3.42396087944508e-05
matadd,dsp,torch_gpu_onlykernel,EXTRALARGE,2.75294296443462e-05
matinit,dsp,clang,EXTRALARGE,0.097415
matinit,dsp,gcc,EXTRALARGE,0.0968745
matinit,dsp,jax,EXTRALARGE,0.309218124952167
matinit,dsp,jax_gpu,EXTRALARGE,4.6809553168714e-05
matinit,dsp,jax_gpu_onlykernel,EXTRALARGE,5.7074474170804e-05
matinit,dsp,numba,EXTRALARGE,0.101985751534812
matinit,dsp,numpy,EXTRALARGE,0.314120887429453
matinit,dsp,polly,EXTRALARGE,0.1943165
matinit,dsp,polly-parallel,EXTRALARGE,0.0879675
matinit,dsp,polly-parallel-vectorizer,EXTRALARGE,0.0870945
matinit,dsp,polly-vectorizer,EXTRALARGE,0.194679
matinit,dsp,torch,EXTRALARGE,0.218109647510573
matinit,dsp,torch_compiled,EXTRALARGE,0.216662934049964
matinit,dsp,torch_gpu,EXTRALARGE,5.78149920329452e-05
matinit,dsp,torch_gpu_onlykernel,EXTRALARGE,4.48195496574044e-05
matmul,dsp,clang,EXTRALARGE,11.083715
matmul,dsp,gcc,EXTRALARGE,8.4600155
matmul,dsp,jax,EXTRALARGE,0.068111332016997
matmul,dsp,jax_gpu,EXTRALARGE,0.00298290443606675
matmul,dsp,jax_gpu_onlykernel,EXTRALARGE,9.30996611714363e-05
matmul,dsp,numba,EXTRALARGE,10.0434480005642
matmul,dsp,numpy,EXTRALARGE,0.0569436324294657
matmul,dsp,polly,EXTRALARGE,1.197771
matmul,dsp,polly-parallel,EXTRALARGE,1.198907
matmul,dsp,polly-parallel-vectorizer,EXTRALARGE,1.2262695
matmul,dsp,polly-vectorizer,EXTRALARGE,1.205288
matmul,dsp,torch,EXTRALARGE,0.0609229964902624
matmul,dsp,torch_compiled,EXTRALARGE,0.0593080974649638
matmul,dsp,torch_gpu,EXTRALARGE,4.48949867859483e-05
matmul,dsp,torch_gpu_onlykernel,EXTRALARGE,2.10750149562955e-05
matmul_ll,llama,clang,EXTRALARGE,0.003297
matmul_ll,llama,gcc,EXTRALARGE,0.0032495
matmul_ll,llama,jax,EXTRALARGE,0.000607070047408342
matmul_ll,llama,jax_gpu,EXTRALARGE,0.00836849096231163
matmul_ll,llama,jax_gpu_onlykernel,EXTRALARGE,4.64995391666889e-05
matmul_ll,llama,numba,EXTRALARGE,0.00527417613193393
matmul_ll,llama,numpy,EXTRALARGE,8.62040324136615e-05
matmul_ll,llama,polly,EXTRALARGE,0.0021275
matmul_ll,llama,polly-parallel,EXTRALARGE,0.0013745
matmul_ll,llama,polly-parallel-vectorizer,EXTRALARGE,0.001353
matmul_ll,llama,polly-vectorizer,EXTRALARGE,0.0037995
matmul_ll,llama,torch,EXTRALARGE,0.00129068444948643
matmul_ll,llama,torch_compiled,EXTRALARGE,0.000427251448854804
matmul_ll,llama,torch_gpu_onlykernel,EXTRALARGE,4.81940805912018e-05
matmul_sca,mathfu,clang,EXTRALARGE,0.001986
matmul_sca,mathfu,gcc,EXTRALARGE,0.002254
matmul_sca,mathfu,jax,EXTRALARGE,0.00137771107256413
matmul_sca,mathfu,jax_gpu,EXTRALARGE,0.00170702289324254
matmul_sca,mathfu,jax_gpu_onlykernel,EXTRALARGE,5.42445341125131e-05
matmul_sca,mathfu,numba,EXTRALARGE,0.00194879795890301
matmul_sca,mathfu,numpy,EXTRALARGE,0.00367225660011172
matmul_sca,mathfu,polly,EXTRALARGE,0.004541
matmul_sca,mathfu,polly-parallel,EXTRALARGE,0.0023655
matmul_sca,mathfu,polly-parallel-vectorizer,EXTRALARGE,0.0023605
matmul_sca,mathfu,polly-vectorizer,EXTRALARGE,0.005281
matmul_sca,mathfu,torch,EXTRALARGE,0.0078349239192903
matmul_sca,mathfu,torch_compiled,EXTRALARGE,0.000740164890885353
matmul_sca,mathfu,torch_gpu,EXTRALARGE,2.96150101348758e-05
matmul_sca,mathfu,torch_gpu_onlykernel,EXTRALARGE,2.36999476328492e-05
matrix1,dspstone,clang,EXTRALARGE,0.655616
matrix1,dspstone,gcc,EXTRALARGE,0.6431385
matrix1,dspstone,jax,EXTRALARGE,0.00523821590468287
matrix1,dspstone,jax_gpu,EXTRALARGE,0.000417937990278006
matrix1,dspstone,jax_gpu_onlykernel,EXTRALARGE,5.07744261994958e-05
matrix1,dspstone,numba,EXTRALARGE,0.655779696535319
matrix1,dspstone,numpy,EXTRALARGE,0.0057420190423727
matrix1,dspstone,polly,EXTRALARGE,0.3218935
matrix1,dspstone,polly-parallel,EXTRALARGE,0.0268005
matrix1,dspstone,polly-parallel-vectorizer,EXTRALARGE,0.016287
matrix1,dspstone,polly-vectorizer,EXTRALARGE,0.1652045
matrix1,dspstone,torch,EXTRALARGE,0.00822546205017716
matrix1,dspstone,torch_compiled,EXTRALARGE,0.00834424805361778
matrix1,dspstone,torch_gpu,EXTRALARGE,4.40300209447742e-05
matrix1,dspstone,torch_gpu_onlykernel,EXTRALARGE,6.9204019382596e-05
matrix2,dspstone,clang,EXTRALARGE,0.5340545
matrix2,dspstone,gcc,EXTRALARGE,0.5426085
matrix2,dspstone,jax,EXTRALARGE,0.00425013271160424
matrix2,dspstone,jax_gpu,EXTRALARGE,0.000645870575681329
matrix2,dspstone,jax_gpu_onlykernel,EXTRALARGE,2.21799127757549e-05
matrix2,dspstone,numba,EXTRALARGE,0.52982708113268
matrix2,dspstone,numpy,EXTRALARGE,0.00328748405445367
matrix2,dspstone,polly,EXTRALARGE,0.269115
matrix2,dspstone,polly-parallel,EXTRALARGE,0.0230955
matrix2,dspstone,polly-parallel-vectorizer,EXTRALARGE,0.0146645
matrix2,dspstone,polly-vectorizer,EXTRALARGE,0.135323
matrix2,dspstone,torch,EXTRALARGE,0.00695975555572659
matrix2,dspstone,torch_compiled,EXTRALARGE,0.00681569648440927
matrix2,dspstone,torch_gpu,EXTRALARGE,7.3233968578279e-05
matrix2,dspstone,torch_gpu_onlykernel,EXTRALARGE,8.11041099950671e-05
matrix_add_matrix,darknet,clang,EXTRALARGE,0.001514
matrix_add_matrix,darknet,gcc,EXTRALARGE,0.001488
matrix_add_matrix,darknet,jax,EXTRALARGE,0.00163066503591835
matrix_add_matrix,darknet,jax_gpu,EXTRALARGE,0.00196042156312615
matrix_add_matrix,darknet,jax_gpu_onlykernel,EXTRALARGE,3.7649879232049e-05
matrix_add_matrix,darknet,numba,EXTRALARGE,0.00142703042365611
matrix_add_matrix,darknet,numpy,EXTRALARGE,0.00328471907414496
matrix_add_matrix,darknet,polly,EXTRALARGE,0.0034485
matrix_add_matrix,darknet,polly-parallel,EXTRALARGE,0.0018205
matrix_add_matrix,darknet,polly-parallel-vectorizer,EXTRALARGE,0.0017865
matrix_add_matrix,darknet,polly-vectorizer,EXTRALARGE,0.0038265
matrix_add_matrix,darknet,torch,EXTRALARGE,0.00120197748765349
matrix_add_matrix,darknet,torch_compiled,EXTRALARGE,0.000469567021355033
matrix_add_matrix,darknet,torch_gpu,EXTRALARGE,3.07151349261403e-05
matrix_add_matrix,darknet,torch_gpu_onlykernel,EXTRALARGE,2.44594411924481e-05
matscal,dsp,clang,EXTRALARGE,0.0974975
matscal,dsp,gcc,EXTRALARGE,0.097273
matscal,dsp,jax,EXTRALARGE,0.32549381791614
matscal,dsp,jax_gpu,EXTRALARGE,0.221989767858759
matscal,dsp,jax_gpu_onlykernel,EXTRALARGE,6.89099542796612e-05
matscal,dsp,numba,EXTRALARGE,0.103437206591479
matscal,dsp,numpy,EXTRALARGE,0.340558460913599
matscal,dsp,polly,EXTRALARGE,0.230698
matscal,dsp,polly-parallel,EXTRALARGE,0.0880465
matscal,dsp,polly-parallel-vectorizer,EXTRALARGE,0.0882405
matscal,dsp,polly-vectorizer,EXTRALARGE,0.2308935
matscal,dsp,torch,EXTRALARGE,0.388211466022767
matscal,dsp,torch_compiled,EXTRALARGE,0.0840633505722508
matscal,dsp,torch_gpu,EXTRALARGE,3.82745638489723e-05
matscal,dsp,torch_gpu_onlykernel,EXTRALARGE,3.09544848278165e-05
matsub,dsp,clang,EXTRALARGE,0.086782
matsub,dsp,gcc,EXTRALARGE,0.086604
matsub,dsp,jax,EXTRALARGE,0.210024774540216
matsub,dsp,jax_gpu,EXTRALARGE,0.246575635625049
matsub,dsp,jax_gpu_onlykernel,EXTRALARGE,2.84300185739994e-05
matsub,dsp,numba,EXTRALARGE,0.0762406889116392
matsub,dsp,numpy,EXTRALARGE,0.211436644429341
matsub,dsp,polly,EXTRALARGE,0.1960765
matsub,dsp,polly-parallel,EXTRALARGE,0.0759975
matsub,dsp,polly-parallel-vectorizer,EXTRALARGE,0.076388
matsub,dsp,polly-vectorizer,EXTRALARGE,0.2284545
matsub,dsp,torch,EXTRALARGE,0.240000368095934
matsub,dsp,torch_compiled,EXTRALARGE,0.0736723960144445
matsub,dsp,torch_gpu,EXTRALARGE,2.91001051664352e-05
matsub,dsp,torch_gpu_onlykernel,EXTRALARGE,2.48700380325317e-05
mse_array,darknet,clang,EXTRALARGE,0.055637
mse_array,darknet,gcc,EXTRALARGE,0.055985
mse_array,darknet,jax,EXTRALARGE,0.088663259986788
mse_array,darknet,jax_gpu,EXTRALARGE,0.0367073704255745
mse_array,darknet,jax_gpu_onlykernel,EXTRALARGE,3.6679906770587e-05
mse_array,darknet,numba,EXTRALARGE,0.0790058093843982
mse_array,darknet,numpy,EXTRALARGE,0.0118031249148771
mse_array,darknet,polly,EXTRALARGE,0.055597
mse_array,darknet,polly-parallel,EXTRALARGE,0.055598
mse_array,darknet,polly-parallel-vectorizer,EXTRALARGE,0.0564715
mse_array,darknet,polly-vectorizer,EXTRALARGE,0.0554805
mse_array,darknet,torch,EXTRALARGE,0.0118047408759594
mse_array,darknet,torch_compiled,EXTRALARGE,0.0137150374939665
mse_array,darknet,torch_gpu,EXTRALARGE,1.50244450196624e-05
mse_array,darknet,torch_gpu_onlykernel,EXTRALARGE,1.49350380524993e-05
muleq,mathfu,clang,EXTRALARGE,0.0435535
muleq,mathfu,gcc,EXTRALARGE,0.043344
muleq,mathfu,jax,EXTRALARGE,0.123849084950052
muleq,mathfu,jax_gpu,EXTRALARGE,0.049491708050482
muleq,mathfu,jax_gpu_onlykernel,EXTRALARGE,4.06649196520448e-05
muleq,mathfu,numba,EXTRALARGE,0.0422436350490898
muleq,mathfu,numpy,EXTRALARGE,0.110773259890266
muleq,mathfu,polly,EXTRALARGE,0.043318
muleq,mathfu,polly-parallel,EXTRALARGE,0.0428945
muleq,mathfu,polly-parallel-vectorizer,EXTRALARGE,0.0431595
muleq,mathfu,polly-vectorizer,EXTRALARGE,0.0428805
muleq,mathfu,torch,EXTRALARGE,0.135850729537196
muleq,mathfu,torch_compiled,EXTRALARGE,0.0369561954867095
muleq,mathfu,torch_gpu,EXTRALARGE,2.90949828922749e-05
muleq,mathfu,torch_gpu_onlykernel,EXTRALARGE,2.36049527302384e-05
muleq_sca,mathfu,clang,EXTRALARGE,0.0272415
muleq_sca,mathfu,gcc,EXTRALARGE,0.0269155
muleq_sca,mathfu,jax,EXTRALARGE,0.118015807005577
muleq_sca,mathfu,jax_gpu,EXTRALARGE,0.0376515433890745
muleq_sca,mathfu,jax_gpu_onlykernel,EXTRALARGE,6.32795272395015e-05
muleq_sca,mathfu,numba,EXTRALARGE,0.0302433345932513
muleq_sca,mathfu,numpy,EXTRALARGE,0.100633580586873
muleq_sca,mathfu,polly,EXTRALARGE,0.0270535
muleq_sca,mathfu,polly-parallel,EXTRALARGE,0.0270085
muleq_sca,mathfu,polly-parallel-vectorizer,EXTRALARGE,0.0268765
muleq_sca,mathfu,polly-vectorizer,EXTRALARGE,0.02693
muleq_sca,mathfu,torch,EXTRALARGE,0.131792861619033
muleq_sca,mathfu,torch_compiled,EXTRALARGE,0.0234850890701637
muleq_sca,mathfu,torch_gpu,EXTRALARGE,3.28995520249009e-05
muleq_sca,mathfu,torch_gpu_onlykernel,EXTRALARGE,2.42150854319334e-05
mult_add_into_cpu,darknet,clang,EXTRALARGE,0.0625115
mult_add_into_cpu,darknet,gcc,EXTRALARGE,0.061854
mult_add_into_cpu,darknet,jax,EXTRALARGE,0.127038714941591
mult_add_into_cpu,darknet,jax_gpu,EXTRALARGE,0.0750453859800473
mult_add_into_cpu,darknet,jax_gpu_onlykernel,EXTRALARGE,2.19600042328238e-05
mult_add_into_cpu,darknet,numba,EXTRALARGE,0.056337118963711
mult_add_into_cpu,darknet,numpy,EXTRALARGE,0.147866435581818
mult_add_into_cpu,darknet,polly,EXTRALARGE,0.062182
mult_add_into_cpu,darknet,polly-parallel,EXTRALARGE,0.0624325
mult_add_into_cpu,darknet,polly-parallel-vectorizer,EXTRALARGE,0.0614145
mult_add_into_cpu,darknet,polly-vectorizer,EXTRALARGE,0.063531
mult_add_into_cpu,darknet,torch,EXTRALARGE,0.203774162684567
mult_add_into_cpu,darknet,torch_compiled,EXTRALARGE,0.0502078745048493
mult_add_into_cpu,darknet,torch_gpu,EXTRALARGE,4.64494805783033e-05
mult_add_into_cpu,darknet,torch_gpu_onlykernel,EXTRALARGE,4.08700434491038e-05
mult_big,utdsp,clang,EXTRALARGE,0.7910455
mult_big,utdsp,gcc,EXTRALARGE,0.414141
mult_big,utdsp,jax,EXTRALARGE,0.00607488944660872
mult_big,utdsp,jax_gpu,EXTRALARGE,0.000749299535527825
mult_big,utdsp,jax_gpu_onlykernel,EXTRALARGE,4.45649493485689e-05
mult_big,utdsp,numba,EXTRALARGE,0.789430657518096
mult_big,utdsp,numpy,EXTRALARGE,0.0077205499401316
mult_big,utdsp,polly,EXTRALARGE,0.110752
mult_big,utdsp,polly-parallel,EXTRALARGE,0.1099775
mult_big,utdsp,polly-parallel-vectorizer,EXTRALARGE,0.110469
mult_big,utdsp,polly-vectorizer,EXTRALARGE,0.1105405
mult_big,utdsp,torch,EXTRALARGE,0.00673536595422775
mult_big,utdsp,torch_compiled,EXTRALARGE,0.00981205306015909
mult_big,utdsp,torch_gpu_onlykernel,EXTRALARGE,3.75995878130198e-05
multiply_blend8,blend,clang,EXTRALARGE,0.135025
multiply_blend8,blend,gcc,EXTRALARGE,0.1368075
multiply_blend8,blend,jax,EXTRALARGE,0.0800246989820153
multiply_blend8,blend,jax_gpu,EXTRALARGE,0.0258026744704694
multiply_blend8,blend,jax_gpu_onlykernel,EXTRALARGE,2.0364997908473e-05
multiply_blend8,blend,numba,EXTRALARGE,0.185005929553881
multiply_blend8,blend,numpy,EXTRALARGE,0.0640493854880333
multiply_blend8,blend,polly,EXTRALARGE,0.1574335
multiply_blend8,blend,polly-parallel,EXTRALARGE,0.0286205
multiply_blend8,blend,polly-parallel-vectorizer,EXTRALARGE,0.0294785
multiply_blend8,blend,polly-vectorizer,EXTRALARGE,0.1642545
multiply_blend8,blend,torch,EXTRALARGE,0.0986811770126224
multiply_blend8,blend,torch_compiled,EXTRALARGE,0.0658065919997171
multiply_blend8,blend,torch_gpu_onlykernel,EXTRALARGE,2.19149515032768e-05
mvt,polybench/linear-algebra/kernels,clang,EXTRALARGE,0.035848
mvt,polybench/linear-algebra/kernels,gcc,EXTRALARGE,0.0271715
mvt,polybench/linear-algebra/kernels,jax,EXTRALARGE,0.00545927253551781
mvt,polybench/linear-algebra/kernels,jax_gpu,EXTRALARGE,0.00571438937913626
mvt,polybench/linear-algebra/kernels,jax_gpu_onlykernel,EXTRALARGE,5.56495506316423e-05
mvt,polybench/linear-algebra/kernels,numba,EXTRALARGE,0.0408709625480697
mvt,polybench/linear-algebra/kernels,numpy,EXTRALARGE,0.00306345953140408
mvt,polybench/linear-algebra/kernels,polly,EXTRALARGE,0.017721
mvt,polybench/linear-algebra/kernels,polly-parallel,EXTRALARGE,0.0050975
mvt,polybench/linear-algebra/kernels,polly-parallel-vectorizer,EXTRALARGE,0.0047785
mvt,polybench/linear-algebra/kernels,polly-vectorizer,EXTRALARGE,0.0168305
mvt,polybench/linear-algebra/kernels,torch,EXTRALARGE,0.00757041701581329
mvt,polybench/linear-algebra/kernels,torch_compiled,EXTRALARGE,0.0053203939460218
mvt,polybench/linear-algebra/kernels,torch_gpu_onlykernel,EXTRALARGE,6.75939954817295e-05
n_real_updates,dspstone,clang,EXTRALARGE,0.0785135
n_real_updates,dspstone,gcc,EXTRALARGE,0.0766755
n_real_updates,dspstone,jax,EXTRALARGE,0.126695445389487
n_real_updates,dspstone,jax_gpu,EXTRALARGE,0.0722837285138667
n_real_updates,dspstone,jax_gpu_onlykernel,EXTRALARGE,3.91389476135373e-05
n_real_updates,dspstone,numba,EXTRALARGE,0.0684308195486665
n_real_updates,dspstone,numpy,EXTRALARGE,0.147102248040028
n_real_updates,dspstone,polly,EXTRALARGE,0.077945
n_real_updates,dspstone,polly-parallel,EXTRALARGE,0.078594
n_real_updates,dspstone,polly-parallel-vectorizer,EXTRALARGE,0.0765685
n_real_updates,dspstone,polly-vectorizer,EXTRALARGE,0.076555
n_real_updates,dspstone,torch,EXTRALARGE,0.203230809420347
n_real_updates,dspstone,torch_compiled,EXTRALARGE,0.0633253549458459
n_real_updates,dspstone,torch_gpu,EXTRALARGE,5.48900570720434e-05
n_real_updates,dspstone,torch_gpu_onlykernel,EXTRALARGE,3.87949403375387e-05
negate,mathfu,clang,EXTRALARGE,0.027023
negate,mathfu,gcc,EXTRALARGE,0.027087
negate,mathfu,jax,EXTRALARGE,0.118216597940773
negate,mathfu,jax_gpu,EXTRALARGE,0.0383429129142314
negate,mathfu,jax_gpu_onlykernel,EXTRALARGE,3.37193487212062e-05
negate,mathfu,numba,EXTRALARGE,0.0300982370972633
negate,mathfu,numpy,EXTRALARGE,0.0992537965066731
negate,mathfu,polly,EXTRALARGE,0.026973
negate,mathfu,polly-parallel,EXTRALARGE,0.0270665
negate,mathfu,polly-parallel-vectorizer,EXTRALARGE,0.027084
negate,mathfu,polly-vectorizer,EXTRALARGE,0.027247
negate,mathfu,torch,EXTRALARGE,0.133572103572078
negate,mathfu,torch_compiled,EXTRALARGE,0.0234379059402272
negate,mathfu,torch_gpu,EXTRALARGE,2.77895014733076e-05
negate,mathfu,torch_gpu_onlykernel,EXTRALARGE,2.62800604104996e-05
normal_blend8,blend,clang,EXTRALARGE,0.133549
normal_blend8,blend,gcc,EXTRALARGE,0.1352465
normal_blend8,blend,jax,EXTRALARGE,0.0804797139717266
normal_blend8,blend,jax_gpu,EXTRALARGE,0.0256551799830049
normal_blend8,blend,jax_gpu_onlykernel,EXTRALARGE,5.61295310035348e-05
normal_blend8,blend,numba,EXTRALARGE,0.183330846135505
normal_blend8,blend,numpy,EXTRALARGE,0.0879505949560553
normal_blend8,blend,polly,EXTRALARGE,0.1657445
normal_blend8,blend,polly-parallel,EXTRALARGE,0.0287625
normal_blend8,blend,polly-parallel-vectorizer,EXTRALARGE,0.0288385
normal_blend8,blend,polly-vectorizer,EXTRALARGE,0.187259
normal_blend8,blend,torch,EXTRALARGE,0.138170560006984
normal_blend8,blend,torch_compiled,EXTRALARGE,0.0664369134465232
normal_blend8,blend,torch_gpu_onlykernel,EXTRALARGE,5.84940426051617e-05
normal_blend8f,blend,clang,EXTRALARGE,0.133357
normal_blend8f,blend,gcc,EXTRALARGE,0.1365515
normal_blend8f,blend,jax,EXTRALARGE,0.0800917879678309
normal_blend8f,blend,jax_gpu,EXTRALARGE,0.0257841945858672
normal_blend8f,blend,jax_gpu_onlykernel,EXTRALARGE,5.67949609830976e-05
normal_blend8f,blend,numba,EXTRALARGE,0.183405619463883
normal_blend8f,blend,numpy,EXTRALARGE,0.0882761364337057
normal_blend8f,blend,polly,EXTRALARGE,0.1625015
normal_blend8f,blend,polly-parallel,EXTRALARGE,0.028648
normal_blend8f,blend,polly-parallel-vectorizer,EXTRALARGE,0.0289545
normal_blend8f,blend,polly-vectorizer,EXTRALARGE,0.187671
normal_blend8f,blend,torch,EXTRALARGE,0.155844307038933
normal_blend8f,blend,torch_compiled,EXTRALARGE,0.0650392725365236
normal_blend8f,blend,torch_gpu_onlykernel,EXTRALARGE,4.69496008008718e-05
ol_l2_cpu1,darknet,clang,EXTRALARGE,0.0599935
ol_l2_cpu1,darknet,gcc,EXTRALARGE,0.0602165
ol_l2_cpu1,darknet,jax,EXTRALARGE,0.115011388552375
ol_l2_cpu1,darknet,jax_gpu,EXTRALARGE,0.0491120660444722
ol_l2_cpu1,darknet,jax_gpu_onlykernel,EXTRALARGE,2.3319385945797e-05
ol_l2_cpu1,darknet,numba,EXTRALARGE,0.0554753994802013
ol_l2_cpu1,darknet,numpy,EXTRALARGE,0.134180069901049
ol_l2_cpu1,darknet,polly,EXTRALARGE,0.0612235
ol_l2_cpu1,darknet,polly-parallel,EXTRALARGE,0.061458
ol_l2_cpu1,darknet,polly-parallel-vectorizer,EXTRALARGE,0.0611925
ol_l2_cpu1,darknet,polly-vectorizer,EXTRALARGE,0.0618975
ol_l2_cpu1,darknet,torch,EXTRALARGE,0.191744688549079
ol_l2_cpu1,darknet,torch_compiled,EXTRALARGE,0.0502292616292834
ol_l2_cpu1,darknet,torch_gpu,EXTRALARGE,6.34144525974989e-05
ol_l2_cpu1,darknet,torch_gpu_onlykernel,EXTRALARGE,5.14894491061568e-05
ol_l2_cpu2,darknet,clang,EXTRALARGE,0.0603235
ol_l2_cpu2,darknet,gcc,EXTRALARGE,0.061258
ol_l2_cpu2,darknet,jax,EXTRALARGE,0.118029735982418
ol_l2_cpu2,darknet,jax_gpu,EXTRALARGE,0.0491553986212239
ol_l2_cpu2,darknet,jax_gpu_onlykernel,EXTRALARGE,3.75345116481185e-05
ol_l2_cpu2,darknet,numba,EXTRALARGE,0.0546301414724439
ol_l2_cpu2,darknet,numpy,EXTRALARGE,0.106606157380156
ol_l2_cpu2,darknet,polly,EXTRALARGE,0.060775
ol_l2_cpu2,darknet,polly-parallel,EXTRALARGE,0.060888
ol_l2_cpu2,darknet,polly-parallel-vectorizer,EXTRALARGE,0.060839
ol_l2_cpu2,darknet,polly-vectorizer,EXTRALARGE,0.060782
ol_l2_cpu2,darknet,torch,EXTRALARGE,0.119476324412972
ol_l2_cpu2,darknet,torch_compiled,EXTRALARGE,0.0502168409293517
ol_l2_cpu2,darknet,torch_gpu,EXTRALARGE,3.2449490390718e-05
ol_l2_cpu2,darknet,torch_gpu_onlykernel,EXTRALARGE,2.77045182883739e-05
overlay_blend8,blend,clang,EXTRALARGE,0.149332
overlay_blend8,blend,gcc,EXTRALARGE,0.148364
overlay_blend8,blend,jax,EXTRALARGE,0.0779774495167658
overlay_blend8,blend,jax_gpu,EXTRALARGE,0.0196727921720594
overlay_blend8,blend,jax_gpu_onlykernel,EXTRALARGE,3.00799729302526e-05
overlay_blend8,blend,numba,EXTRALARGE,0.176712479558773
overlay_blend8,blend,numpy,EXTRALARGE,0.27632447401993
overlay_blend8,blend,polly,EXTRALARGE,0.150147
overlay_blend8,blend,polly-parallel,EXTRALARGE,0.0218035
overlay_blend8,blend,polly-parallel-vectorizer,EXTRALARGE,0.022734
overlay_blend8,blend,polly-vectorizer,EXTRALARGE,0.1658945
overlay_blend8,blend,torch,EXTRALARGE,0.578028367948718
overlay_blend8,blend,torch_compiled,EXTRALARGE,0.062880624900572
overlay_blend8,blend,torch_gpu_onlykernel,EXTRALARGE,0.000106564373709261
pin_down,dspstone,clang,EXTRALARGE,0.026662
pin_down,dspstone,gcc,EXTRALARGE,0.0268585
pin_down,dspstone,jax,EXTRALARGE,0.11344921705313
pin_down,dspstone,jax_gpu,EXTRALARGE,3.4080003388226e-05
pin_down,dspstone,jax_gpu_onlykernel,EXTRALARGE,3.00795072689652e-05
pin_down,dspstone,numba,EXTRALARGE,0.0295372219989076
pin_down,dspstone,numpy,EXTRALARGE,0.0896702145691961
pin_down,dspstone,polly,EXTRALARGE,0.026944
pin_down,dspstone,polly-parallel,EXTRALARGE,0.0269835
pin_down,dspstone,polly-parallel-vectorizer,EXTRALARGE,0.0271405
pin_down,dspstone,polly-vectorizer,EXTRALARGE,0.027085
pin_down,dspstone,torch,EXTRALARGE,0.105096829938702
pin_down,dspstone,torch_compiled,EXTRALARGE,0.0234755865531042
pin_down,dspstone,torch_gpu,EXTRALARGE,3.13849886879325e-05
pin_down,dspstone,torch_gpu_onlykernel,EXTRALARGE,2.87345610558987e-05
pluseq,mathfu,clang,EXTRALARGE,0.043032
pluseq,mathfu,gcc,EXTRALARGE,0.0440905
pluseq,mathfu,jax,EXTRALARGE,0.123432704014704
pluseq,mathfu,jax_gpu,EXTRALARGE,0.0498287995578721
pluseq,mathfu,jax_gpu_onlykernel,EXTRALARGE,4.2604049667716e-05
pluseq,mathfu,numba,EXTRALARGE,0.0392061095917597
pluseq,mathfu,numpy,EXTRALARGE,0.109111068188213
pluseq,mathfu,polly,EXTRALARGE,0.043501
pluseq,mathfu,polly-parallel,EXTRALARGE,0.0434685
pluseq,mathfu,polly-parallel-vectorizer,EXTRALARGE,0.0435785
pluseq,mathfu,polly-vectorizer,EXTRALARGE,0.042949
pluseq,mathfu,torch,EXTRALARGE,0.1343232820509
pluseq,mathfu,torch_compiled,EXTRALARGE,0.0368909215321764
pluseq,mathfu,torch_gpu,EXTRALARGE,3.10696195811033e-05
pluseq,mathfu,torch_gpu_onlykernel,EXTRALARGE,2.69099837169051e-05
rmsnorm_part1,llama,clang,EXTRALARGE,0.055137
rmsnorm_part1,llama,gcc,EXTRALARGE,0.0553975
rmsnorm_part1,llama,jax,EXTRALARGE,0.0139815580332652
rmsnorm_part1,llama,jax_gpu,EXTRALARGE,0.0383230650331825
rmsnorm_part1,llama,jax_gpu_onlykernel,EXTRALARGE,4.78699803352356e-05
rmsnorm_part1,llama,numba,EXTRALARGE,0.0797883564373478
rmsnorm_part1,llama,numpy,EXTRALARGE,0.0244424305856228
rmsnorm_part1,llama,polly,EXTRALARGE,0.0550875
rmsnorm_part1,llama,polly-parallel,EXTRALARGE,0.0548145
rmsnorm_part1,llama,polly-parallel-vectorizer,EXTRALARGE,0.055285
rmsnorm_part1,llama,polly-vectorizer,EXTRALARGE,0.0554325
rmsnorm_part1,llama,torch,EXTRALARGE,0.0120263575809076
rmsnorm_part1,llama,torch_compiled,EXTRALARGE,0.0138637854252011
rmsnorm_part1,llama,torch_gpu_onlykernel,EXTRALARGE,2.09050485864282e-05
rmsnorm_part2,llama,clang,EXTRALARGE,0.249854
rmsnorm_part2,llama,gcc,EXTRALARGE,0.2525745
rmsnorm_part2,llama,jax,EXTRALARGE,0.124446544446982
rmsnorm_part2,llama,jax_gpu,EXTRALARGE,0.049669505446218
rmsnorm_part2,llama,jax_gpu_onlykernel,EXTRALARGE,8.69650393724442e-05
rmsnorm_part2,llama,numba,EXTRALARGE,0.355966039584018
rmsnorm_part2,llama,numpy,EXTRALARGE,0.105863978038542
rmsnorm_part2,llama,polly,EXTRALARGE,0.2605095
rmsnorm_part2,llama,polly-parallel,EXTRALARGE,0.251407
rmsnorm_part2,llama,polly-parallel-vectorizer,EXTRALARGE,0.243874
rmsnorm_part2,llama,polly-vectorizer,EXTRALARGE,0.250516
rmsnorm_part2,llama,torch,EXTRALARGE,0.17087052995339
rmsnorm_part2,llama,torch_compiled,EXTRALARGE,0.10711542214267
rmsnorm_part2,llama,torch_gpu_onlykernel,EXTRALARGE,7.00689852237701e-05
scale_array,darknet,clang,EXTRALARGE,0.0272275
scale_array,darknet,gcc,EXTRALARGE,0.0272065
scale_array,darknet,jax,EXTRALARGE,0.11290243442636
scale_array,darknet,jax_gpu,EXTRALARGE,0.0383355320664123
scale_array,darknet,jax_gpu_onlykernel,EXTRALARGE,5.01495087519288e-05
scale_array,darknet,numba,EXTRALARGE,0.029815745074302
scale_array,darknet,numpy,EXTRALARGE,0.096673883497715
scale_array,darknet,polly,EXTRALARGE,0.0270875
scale_array,darknet,polly-parallel,EXTRALARGE,0.02698
scale_array,darknet,polly-parallel-vectorizer,EXTRALARGE,0.0270795
scale_array,darknet,polly-vectorizer,EXTRALARGE,0.02704
scale_array,darknet,torch,EXTRALARGE,0.111008062958717
scale_array,darknet,torch_compiled,EXTRALARGE,0.0234061556402594
scale_array,darknet,torch_gpu,EXTRALARGE,3.2794545404613e-05
scale_array,darknet,torch_gpu_onlykernel,EXTRALARGE,3.03444685414433e-05
scale_matrix,darknet,clang,EXTRALARGE,0.0006935
scale_matrix,darknet,gcc,EXTRALARGE,0.0006835
scale_matrix,darknet,jax,EXTRALARGE,0.000861839042045176
scale_matrix,darknet,jax_gpu,EXTRALARGE,0.0012990360846743
scale_matrix,darknet,jax_gpu_onlykernel,EXTRALARGE,4.75144479423761e-05
scale_matrix,darknet,numba,EXTRALARGE,0.000852653989568353
scale_matrix,darknet,numpy,EXTRALARGE,0.00246771448291838
scale_matrix,darknet,polly,EXTRALARGE,0.0018515
scale_matrix,darknet,polly-parallel,EXTRALARGE,0.0011755
scale_matrix,darknet,polly-parallel-vectorizer,EXTRALARGE,0.0010795
scale_matrix,darknet,polly-vectorizer,EXTRALARGE,0.00177
scale_matrix,darknet,torch,EXTRALARGE,0.000256047933362424
scale_matrix,darknet,torch_compiled,EXTRALARGE,0.000112739158794284
scale_matrix,darknet,torch_gpu,EXTRALARGE,3.49543988704681e-05
scale_matrix,darknet,torch_gpu_onlykernel,EXTRALARGE,2.64999689534307e-05
screen_blend8,blend,clang,EXTRALARGE,0.135588
screen_blend8,blend,gcc,EXTRALARGE,0.1403065
screen_blend8,blend,jax,EXTRALARGE,0.0865749029908329
screen_blend8,blend,jax_gpu,EXTRALARGE,0.0258493946166709
screen_blend8,blend,jax_gpu_onlykernel,EXTRALARGE,3.16948862746358e-05
screen_blend8,blend,numba,EXTRALARGE,0.185137578402646
screen_blend8,blend,numpy,EXTRALARGE,0.112441671080887
screen_blend8,blend,polly,EXTRALARGE,0.164311
screen_blend8,blend,polly-parallel,EXTRALARGE,0.028845
screen_blend8,blend,polly-parallel-vectorizer,EXTRALARGE,0.0291125
screen_blend8,blend,polly-vectorizer,EXTRALARGE,0.1928695
screen_blend8,blend,torch,EXTRALARGE,0.213779189041816
screen_blend8,blend,torch_compiled,EXTRALARGE,0.0663871904835105
screen_blend8,blend,torch_gpu_onlykernel,EXTRALARGE,3.77094838768244e-05
softmax_part1,llama,clang,EXTRALARGE,0.0377835
softmax_part1,llama,gcc,EXTRALARGE,0.0379475
softmax_part1,llama,jax,EXTRALARGE,0.0236710298340768
softmax_part1,llama,jax_gpu,EXTRALARGE,0.0375465104589239
softmax_part1,llama,jax_gpu_onlykernel,EXTRALARGE,3.31999035552144e-05
softmax_part1,llama,numba,EXTRALARGE,0.0629513724707067
softmax_part1,llama,numpy,EXTRALARGE,0.0195609549991786
softmax_part1,llama,polly,EXTRALARGE,0.0377815
softmax_part1,llama,polly-parallel,EXTRALARGE,0.037142
softmax_part1,llama,polly-parallel-vectorizer,EXTRALARGE,0.037622
softmax_part1,llama,polly-vectorizer,EXTRALARGE,0.0371335
softmax_part1,llama,torch,EXTRALARGE,0.0118186090840027
softmax_part1,llama,torch_compiled,EXTRALARGE,0.0120261164847761
softmax_part1,llama,torch_gpu_onlykernel,EXTRALARGE,1.47995306178927e-05
softmax_part2,llama,clang,EXTRALARGE,0.5641565
softmax_part2,llama,gcc,EXTRALARGE,0.530791
softmax_part2,llama,jax,EXTRALARGE,0.148284322931431
softmax_part2,llama,jax_gpu,EXTRALARGE,0.0382647108053789
softmax_part2,llama,jax_gpu_onlykernel,EXTRALARGE,6.58100470900536e-05
softmax_part2,llama,numba,EXTRALARGE,0.609437180566601
softmax_part2,llama,numpy,EXTRALARGE,0.162018513423391
softmax_part2,llama,polly,EXTRALARGE,0.55308
softmax_part2,llama,polly-parallel,EXTRALARGE,0.553141
softmax_part2,llama,polly-parallel-vectorizer,EXTRALARGE,0.56309
softmax_part2,llama,polly-vectorizer,EXTRALARGE,0.5508675
softmax_part2,llama,torch,EXTRALARGE,0.173547732527368
softmax_part2,llama,torch_compiled,EXTRALARGE,0.10777741658967
softmax_part2,llama,torch_gpu_onlykernel,EXTRALARGE,2.0804931409657e-05
softmax_part3,llama,clang,EXTRALARGE,0.056285
softmax_part3,llama,gcc,EXTRALARGE,0.055208
softmax_part3,llama,jax,EXTRALARGE,0.0126637270441279
softmax_part3,llama,jax_gpu,EXTRALARGE,0.0360395614989102
softmax_part3,llama,jax_gpu_onlykernel,EXTRALARGE,3.02649568766356e-05
softmax_part3,llama,numba,EXTRALARGE,0.0727400559699163
softmax_part3,llama,numpy,EXTRALARGE,0.0247630545636639
softmax_part3,llama,polly,EXTRALARGE,0.0562825
softmax_part3,llama,polly-parallel,EXTRALARGE,0.0562605
softmax_part3,llama,polly-parallel-vectorizer,EXTRALARGE,0.055249
softmax_part3,llama,polly-vectorizer,EXTRALARGE,0.0558515
softmax_part3,llama,torch,EXTRALARGE,0.0124606754397973
softmax_part3,llama,torch_compiled,EXTRALARGE,0.013457955676131
softmax_part3,llama,torch_gpu_onlykernel,EXTRALARGE,1.61699717864394e-05
softmax_part4,llama,clang,EXTRALARGE,0.0461505
softmax_part4,llama,gcc,EXTRALARGE,0.0469625
softmax_part4,llama,jax,EXTRALARGE,0.117822529980913
softmax_part4,llama,jax_gpu,EXTRALARGE,0.0347475858870894
softmax_part4,llama,jax_gpu_onlykernel,EXTRALARGE,5.9854588471353e-05
softmax_part4,llama,numba,EXTRALARGE,0.0397798793856055
softmax_part4,llama,numpy,EXTRALARGE,0.101328291930258
softmax_part4,llama,polly,EXTRALARGE,0.046608
softmax_part4,llama,polly-parallel,EXTRALARGE,0.046603
softmax_part4,llama,polly-parallel-vectorizer,EXTRALARGE,0.0459595
softmax_part4,llama,polly-vectorizer,EXTRALARGE,0.0466475
softmax_part4,llama,torch,EXTRALARGE,0.124132247525267
softmax_part4,llama,torch_compiled,EXTRALARGE,0.0234655890380964
softmax_part4,llama,torch_gpu_onlykernel,EXTRALARGE,3.08199087157845e-05
subeq,mathfu,clang,EXTRALARGE,0.043206
subeq,mathfu,gcc,EXTRALARGE,0.044282
subeq,mathfu,jax,EXTRALARGE,0.123041626531631
subeq,mathfu,jax_gpu,EXTRALARGE,0.0495709890965372
subeq,mathfu,jax_gpu_onlykernel,EXTRALARGE,5.2044983021915e-05
subeq,mathfu,numba,EXTRALARGE,0.0420643525430933
subeq,mathfu,numpy,EXTRALARGE,0.108909870963544
subeq,mathfu,polly,EXTRALARGE,0.043521
subeq,mathfu,polly-parallel,EXTRALARGE,0.043251
subeq,mathfu,polly-parallel-vectorizer,EXTRALARGE,0.0430395
subeq,mathfu,polly-vectorizer,EXTRALARGE,0.0431785
subeq,mathfu,torch,EXTRALARGE,0.133560985559598
subeq,mathfu,torch_compiled,EXTRALARGE,0.0369097025832161
subeq,mathfu,torch_gpu,EXTRALARGE,2.83194240182638e-05
subeq,mathfu,torch_gpu_onlykernel,EXTRALARGE,2.89994059130549e-05
subeq_sca,mathfu,clang,EXTRALARGE,0.0271135
subeq_sca,mathfu,gcc,EXTRALARGE,0.027112
subeq_sca,mathfu,jax,EXTRALARGE,0.116791398031637
subeq_sca,mathfu,jax_gpu,EXTRALARGE,0.0380004110047594
subeq_sca,mathfu,jax_gpu_onlykernel,EXTRALARGE,7.21289543434978e-05
subeq_sca,mathfu,numba,EXTRALARGE,0.0303565765498206
subeq_sca,mathfu,numpy,EXTRALARGE,0.0981056044111028
subeq_sca,mathfu,polly,EXTRALARGE,0.0271025
subeq_sca,mathfu,polly-parallel,EXTRALARGE,0.027127
subeq_sca,mathfu,polly-parallel-vectorizer,EXTRALARGE,0.027151
subeq_sca,mathfu,polly-vectorizer,EXTRALARGE,0.0270895
subeq_sca,mathfu,torch,EXTRALARGE,0.123012276017107
subeq_sca,mathfu,torch_compiled,EXTRALARGE,0.0234432405559346
subeq_sca,mathfu,torch_gpu_onlykernel,EXTRALARGE,4.08641062676907e-05
sum_array,darknet,clang,EXTRALARGE,0.0563395
sum_array,darknet,gcc,EXTRALARGE,0.0555055
sum_array,darknet,jax,EXTRALARGE,0.0130750220268965
sum_array,darknet,jax_gpu,EXTRALARGE,0.0384129410376772
sum_array,darknet,jax_gpu_onlykernel,EXTRALARGE,4.04395395889878e-05
sum_array,darknet,numba,EXTRALARGE,0.0785279710544273
sum_array,darknet,numpy,EXTRALARGE,0.0238991180667654
sum_array,darknet,polly,EXTRALARGE,0.0553965
sum_array,darknet,polly-parallel,EXTRALARGE,0.056298
sum_array,darknet,polly-parallel-vectorizer,EXTRALARGE,0.0562845
sum_array,darknet,polly-vectorizer,EXTRALARGE,0.05631
sum_array,darknet,torch,EXTRALARGE,0.0118430884322152
sum_array,darknet,torch_compiled,EXTRALARGE,0.012060453533195
sum_array,darknet,torch_gpu,EXTRALARGE,1.53048895299435e-05
sum_array,darknet,torch_gpu_onlykernel,EXTRALARGE,1.31099950522184e-05
sum_elts,simpl_array,clang,EXTRALARGE,0.056205
sum_elts,simpl_array,gcc,EXTRALARGE,0.055072
sum_elts,simpl_array,jax,EXTRALARGE,0.0882717671338469
sum_elts,simpl_array,jax_gpu,EXTRALARGE,0.0378240393474698
sum_elts,simpl_array,jax_gpu_onlykernel,EXTRALARGE,3.15695069730282e-05
sum_elts,simpl_array,numba,EXTRALARGE,0.0797752294456586
sum_elts,simpl_array,numpy,EXTRALARGE,0.0117922786157578
sum_elts,simpl_array,polly,EXTRALARGE,0.055286
sum_elts,simpl_array,polly-parallel,EXTRALARGE,0.056346
sum_elts,simpl_array,polly-parallel-vectorizer,EXTRALARGE,0.0550855
sum_elts,simpl_array,polly-vectorizer,EXTRALARGE,0.056356
sum_elts,simpl_array,torch,EXTRALARGE,0.0123768504709005
sum_elts,simpl_array,torch_compiled,EXTRALARGE,0.0137776103802025
sum_elts,simpl_array,torch_gpu_onlykernel,EXTRALARGE,4.4320011511445e-05
sum_of_squares,makespeare,clang,EXTRALARGE,0.055497
sum_of_squares,makespeare,gcc,EXTRALARGE,0.056376
sum_of_squares,makespeare,jax,EXTRALARGE,0.0750449859770015
sum_of_squares,makespeare,jax_gpu,EXTRALARGE,0.0382492570206523
sum_of_squares,makespeare,jax_gpu_onlykernel,EXTRALARGE,2.34050676226616e-05
sum_of_squares,makespeare,numba,EXTRALARGE,0.055042524356395
sum_of_squares,makespeare,numpy,EXTRALARGE,0.0117878455203027
sum_of_squares,makespeare,polly,EXTRALARGE,0.0564085
sum_of_squares,makespeare,polly-parallel,EXTRALARGE,0.055353
sum_of_squares,makespeare,polly-parallel-vectorizer,EXTRALARGE,0.0564975
sum_of_squares,makespeare,polly-vectorizer,EXTRALARGE,0.0553925
sum_of_squares,makespeare,torch,EXTRALARGE,0.0120427395449951
sum_of_squares,makespeare,torch_compiled,EXTRALARGE,0.0138310635229573
sum_of_squares,makespeare,torch_gpu,EXTRALARGE,1.78900081664324e-05
sum_of_squares,makespeare,torch_gpu_onlykernel,EXTRALARGE,1.62250362336636e-05
symm,polybench/linear-algebra/blas,clang,EXTRALARGE,9.0812245
symm,polybench/linear-algebra/blas,gcc,EXTRALARGE,9.2809565
symm,polybench/linear-algebra/blas,jax,EXTRALARGE,0.0550669874064624
symm,polybench/linear-algebra/blas,jax_gpu,EXTRALARGE,0.00425042456481606
symm,polybench/linear-algebra/blas,jax_gpu_onlykernel,EXTRALARGE,8.85494519025087e-05
symm,polybench/linear-algebra/blas,numba,EXTRALARGE,8.03629190300126
symm,polybench/linear-algebra/blas,numpy,EXTRALARGE,0.0695914239622653
symm,polybench/linear-algebra/blas,polly,EXTRALARGE,8.9256425
symm,polybench/linear-algebra/blas,polly-parallel,EXTRALARGE,9.0536875
symm,polybench/linear-algebra/blas,polly-parallel-vectorizer,EXTRALARGE,9.086545
symm,polybench/linear-algebra/blas,polly-vectorizer,EXTRALARGE,8.9678475
symm,polybench/linear-algebra/blas,torch,EXTRALARGE,0.0893308208324015
symm,polybench/linear-algebra/blas,torch_compiled,EXTRALARGE,0.0642361548962072
symm,polybench/linear-algebra/blas,torch_gpu_onlykernel,EXTRALARGE,6.0859601944685e-05
syr2k,polybench/linear-algebra/blas,clang,EXTRALARGE,14.9876155
syr2k,polybench/linear-algebra/blas,gcc,EXTRALARGE,10.4736965
syr2k,polybench/linear-algebra/blas,jax,EXTRALARGE,0.0824434674577788
syr2k,polybench/linear-algebra/blas,jax_gpu,EXTRALARGE,0.00442482496146113
syr2k,polybench/linear-algebra/blas,jax_gpu_onlykernel,EXTRALARGE,9.88044776022434e-05
syr2k,polybench/linear-algebra/blas,numba,EXTRALARGE,8.00298372458201
syr2k,polybench/linear-algebra/blas,numpy,EXTRALARGE,0.10287719394546
syr2k,polybench/linear-algebra/blas,polly,EXTRALARGE,3.408574
syr2k,polybench/linear-algebra/blas,polly-parallel,EXTRALARGE,0.308334
syr2k,polybench/linear-algebra/blas,polly-parallel-vectorizer,EXTRALARGE,0.3040065
syr2k,polybench/linear-algebra/blas,polly-vectorizer,EXTRALARGE,2.0898765
syr2k,polybench/linear-algebra/blas,torch,EXTRALARGE,0.142021339037456
syr2k,polybench/linear-algebra/blas,torch_compiled,EXTRALARGE,0.0819246469764039
syr2k,polybench/linear-algebra/blas,torch_gpu_onlykernel,EXTRALARGE,8.08744225651026e-05
syrk,polybench/linear-algebra/blas,clang,EXTRALARGE,3.51562
syrk,polybench/linear-algebra/blas,gcc,EXTRALARGE,2.693688
syrk,polybench/linear-algebra/blas,jax,EXTRALARGE,0.0516893505118787
syrk,polybench/linear-algebra/blas,jax_gpu,EXTRALARGE,0.00331193197052926
syrk,polybench/linear-algebra/blas,jax_gpu_onlykernel,EXTRALARGE,9.17643774300814e-05
syrk,polybench/linear-algebra/blas,numba,EXTRALARGE,3.21620561601594
syrk,polybench/linear-algebra/blas,numpy,EXTRALARGE,0.0662584719248116
syrk,polybench/linear-algebra/blas,polly,EXTRALARGE,2.161656
syrk,polybench/linear-algebra/blas,polly-parallel,EXTRALARGE,0.189232
syrk,polybench/linear-algebra/blas,polly-parallel-vectorizer,EXTRALARGE,0.2279395
syrk,polybench/linear-algebra/blas,polly-vectorizer,EXTRALARGE,0.9612805
syrk,polybench/linear-algebra/blas,torch,EXTRALARGE,0.0744516075355932
syrk,polybench/linear-algebra/blas,torch_compiled,EXTRALARGE,0.0621686750091612
syrk,polybench/linear-algebra/blas,torch_gpu_onlykernel,EXTRALARGE,5.86544629186392e-05
transformer_part3,llama,clang,EXTRALARGE,0.568888
transformer_part3,llama,gcc,EXTRALARGE,0.534999
transformer_part3,llama,jax,EXTRALARGE,0.153545891866088
transformer_part3,llama,jax_gpu,EXTRALARGE,0.0377305189613253
transformer_part3,llama,jax_gpu_onlykernel,EXTRALARGE,2.9504531994462e-05
transformer_part3,llama,numba,EXTRALARGE,0.62899372796528
transformer_part3,llama,numpy,EXTRALARGE,0.293106475495733
transformer_part3,llama,polly,EXTRALARGE,0.5841265
transformer_part3,llama,polly-parallel,EXTRALARGE,0.568794
transformer_part3,llama,polly-parallel-vectorizer,EXTRALARGE,0.5725225
transformer_part3,llama,polly-vectorizer,EXTRALARGE,0.570103
transformer_part3,llama,torch,EXTRALARGE,0.504320136969909
transformer_part3,llama,torch_compiled,EXTRALARGE,0.108586481423117
transformer_part3,llama,torch_gpu_onlykernel,EXTRALARGE,6.48439163342118e-05
transformer_part4,llama,clang,EXTRALARGE,0.2464985
transformer_part4,llama,gcc,EXTRALARGE,0.2501575
transformer_part4,llama,jax,EXTRALARGE,0.122167485533282
transformer_part4,llama,jax_gpu,EXTRALARGE,0.0485750086372718
transformer_part4,llama,jax_gpu_onlykernel,EXTRALARGE,3.45745356753469e-05
transformer_part4,llama,numba,EXTRALARGE,0.355739525170065
transformer_part4,llama,numpy,EXTRALARGE,0.0772993251448497
transformer_part4,llama,polly,EXTRALARGE,0.24684
transformer_part4,llama,polly-parallel,EXTRALARGE,0.2468405
transformer_part4,llama,polly-parallel-vectorizer,EXTRALARGE,0.247551
transformer_part4,llama,polly-vectorizer,EXTRALARGE,0.2481685
transformer_part4,llama,torch,EXTRALARGE,0.0961741460487247
transformer_part4,llama,torch_compiled,EXTRALARGE,0.105999270570464
transformer_part4,llama,torch_gpu_onlykernel,EXTRALARGE,1.43300276249647e-05
translate_array,darknet,clang,EXTRALARGE,0.027275
translate_array,darknet,gcc,EXTRALARGE,0.027106
translate_array,darknet,jax,EXTRALARGE,0.112129415036179
translate_array,darknet,jax_gpu,EXTRALARGE,0.0377705889986828
translate_array,darknet,jax_gpu_onlykernel,EXTRALARGE,5.09539386257529e-05
translate_array,darknet,numba,EXTRALARGE,0.0300176744349301
translate_array,darknet,numpy,EXTRALARGE,0.0979616803815588
translate_array,darknet,polly,EXTRALARGE,0.0272515
translate_array,darknet,polly-parallel,EXTRALARGE,0.027115
translate_array,darknet,polly-parallel-vectorizer,EXTRALARGE,0.0271165
translate_array,darknet,polly-vectorizer,EXTRALARGE,0.027234
translate_array,darknet,torch,EXTRALARGE,0.112295095459558
translate_array,darknet,torch_compiled,EXTRALARGE,0.0233969115652144
translate_array,darknet,torch_gpu,EXTRALARGE,2.89450399577618e-05
translate_array,darknet,torch_gpu_onlykernel,EXTRALARGE,2.88849696516991e-05
trmm,polybench/linear-algebra/blas,clang,EXTRALARGE,6.186371
trmm,polybench/linear-algebra/blas,gcc,EXTRALARGE,6.064196
trmm,polybench/linear-algebra/blas,jax,EXTRALARGE,0.0415524704148993
trmm,polybench/linear-algebra/blas,jax_gpu,EXTRALARGE,0.00258414703421295
trmm,polybench/linear-algebra/blas,jax_gpu_onlykernel,EXTRALARGE,6.83290418237448e-05
trmm,polybench/linear-algebra/blas,numba,EXTRALARGE,4.62502050457988
trmm,polybench/linear-algebra/blas,numpy,EXTRALARGE,0.0344413869315758
trmm,polybench/linear-algebra/blas,polly,EXTRALARGE,2.383696
trmm,polybench/linear-algebra/blas,polly-parallel,EXTRALARGE,5.1551265
trmm,polybench/linear-algebra/blas,polly-parallel-vectorizer,EXTRALARGE,5.0628825
trmm,polybench/linear-algebra/blas,polly-vectorizer,EXTRALARGE,2.406893
trmm,polybench/linear-algebra/blas,torch,EXTRALARGE,0.0515122499782592
trmm,polybench/linear-algebra/blas,torch_compiled,EXTRALARGE,0.0510784205980599
trmm,polybench/linear-algebra/blas,torch_gpu_onlykernel,EXTRALARGE,3.45144653692842e-05
vadd,dsp,clang,EXTRALARGE,0.043846
vadd,dsp,gcc,EXTRALARGE,0.0433505
vadd,dsp,jax,EXTRALARGE,0.115429367520846
vadd,dsp,jax_gpu,EXTRALARGE,0.0491900584893301
vadd,dsp,jax_gpu_onlykernel,EXTRALARGE,3.34494980052114e-05
vadd,dsp,numba,EXTRALARGE,0.0382637263974175
vadd,dsp,numpy,EXTRALARGE,0.105914737679996
vadd,dsp,polly,EXTRALARGE,0.043407
vadd,dsp,polly-parallel,EXTRALARGE,0.043463
vadd,dsp,polly-parallel-vectorizer,EXTRALARGE,0.043636
vadd,dsp,polly-vectorizer,EXTRALARGE,0.043185
vadd,dsp,torch,EXTRALARGE,0.121065810439177
vadd,dsp,torch_compiled,EXTRALARGE,0.036913278978318
vadd,dsp,torch_gpu,EXTRALARGE,3.1849485822022e-05
vadd,dsp,torch_gpu_onlykernel,EXTRALARGE,1.45251397043467e-05
vcopy,dsp,clang,EXTRALARGE,0.0381285
vcopy,dsp,gcc,EXTRALARGE,0.0383545
vcopy,dsp,jax,EXTRALARGE,0.330360297462903
vcopy,dsp,jax_gpu,EXTRALARGE,0.0369221756700426
vcopy,dsp,jax_gpu_onlykernel,EXTRALARGE,3.81700228899717e-05
vcopy,dsp,numba,EXTRALARGE,0.0405454570427537
vcopy,dsp,numpy,EXTRALARGE,0.0388969305204228
vcopy,dsp,polly,EXTRALARGE,0.0380875
vcopy,dsp,polly-parallel,EXTRALARGE,0.038616
vcopy,dsp,polly-parallel-vectorizer,EXTRALARGE,0.0387535
vcopy,dsp,polly-vectorizer,EXTRALARGE,0.038505
vcopy,dsp,torch,EXTRALARGE,0.0368436394492164
vcopy,dsp,torch_compiled,EXTRALARGE,0.0368905105860904
vcopy,dsp,torch_gpu,EXTRALARGE,9.9200988188386e-06
vcopy,dsp,torch_gpu_onlykernel,EXTRALARGE,1.33799621835351e-05
vfill,dsp,clang,EXTRALARGE,0.0269165
vfill,dsp,gcc,EXTRALARGE,0.026747
vfill,dsp,jax,EXTRALARGE,0.110505112912506
vfill,dsp,jax_gpu,EXTRALARGE,6.21045473963022e-05
vfill,dsp,jax_gpu_onlykernel,EXTRALARGE,5.72995049878955e-05
vfill,dsp,numba,EXTRALARGE,0.029224207974039
vfill,dsp,numpy,EXTRALARGE,0.41184437694028
vfill,dsp,polly,EXTRALARGE,0.026843
vfill,dsp,polly-parallel,EXTRALARGE,0.026933
vfill,dsp,polly-parallel-vectorizer,EXTRALARGE,0.0266685
vfill,dsp,polly-vectorizer,EXTRALARGE,0.026829
vfill,dsp,torch,EXTRALARGE,0.108757604495622
vfill,dsp,torch_compiled,EXTRALARGE,0.0234480873914436
vfill,dsp,torch_gpu,EXTRALARGE,4.26050974056125e-05
vfill,dsp,torch_gpu_onlykernel,EXTRALARGE,2.57550273090601e-05
vmul,dsp,clang,EXTRALARGE,0.0591325
vmul,dsp,gcc,EXTRALARGE,0.059745
vmul,dsp,jax,EXTRALARGE,0.120734137482941
vmul,dsp,jax_gpu,EXTRALARGE,0.0492135980166495
vmul,dsp,jax_gpu_onlykernel,EXTRALARGE,3.47699970006943e-05
vmul,dsp,numba,EXTRALARGE,0.0574355274438858
vmul,dsp,numpy,EXTRALARGE,0.107671849546023
vmul,dsp,polly,EXTRALARGE,0.060593
vmul,dsp,polly-parallel,EXTRALARGE,0.0604315
vmul,dsp,polly-parallel-vectorizer,EXTRALARGE,0.0604765
vmul,dsp,polly-vectorizer,EXTRALARGE,0.060692
vmul,dsp,torch,EXTRALARGE,0.119914486538619
vmul,dsp,torch_compiled,EXTRALARGE,0.0502212855499238
vmul,dsp,torch_gpu,EXTRALARGE,2.84549314528704e-05
vmul,dsp,torch_gpu_onlykernel,EXTRALARGE,2.81200045719743e-05
vneg,dsp,clang,EXTRALARGE,0.027191
vneg,dsp,gcc,EXTRALARGE,0.027028
vneg,dsp,jax,EXTRALARGE,0.116405548062176
vneg,dsp,jax_gpu,EXTRALARGE,0.0383897259598598
vneg,dsp,jax_gpu_onlykernel,EXTRALARGE,3.2634474337101e-05
vneg,dsp,numba,EXTRALARGE,0.0298947090050206
vneg,dsp,numpy,EXTRALARGE,0.0970620254520327
vneg,dsp,polly,EXTRALARGE,0.0270945
vneg,dsp,polly-parallel,EXTRALARGE,0.0270535
vneg,dsp,polly-parallel-vectorizer,EXTRALARGE,0.0270225
vneg,dsp,polly-vectorizer,EXTRALARGE,0.02707
vneg,dsp,torch,EXTRALARGE,0.113821393926628
vneg,dsp,torch_compiled,EXTRALARGE,0.023431129520759
vneg,dsp,torch_gpu,EXTRALARGE,3.75794479623437e-05
vneg,dsp,torch_gpu_onlykernel,EXTRALARGE,2.82044056802988e-05
voffset,dsp,clang,EXTRALARGE,0.0272345
voffset,dsp,gcc,EXTRALARGE,0.0270955
voffset,dsp,jax,EXTRALARGE,0.113082711002789
voffset,dsp,jax_gpu,EXTRALARGE,0.0379190259845927
voffset,dsp,jax_gpu_onlykernel,EXTRALARGE,6.36950135231018e-05
voffset,dsp,numba,EXTRALARGE,0.0299858613871038
voffset,dsp,numpy,EXTRALARGE,0.0968245144467801
voffset,dsp,polly,EXTRALARGE,0.0272175
voffset,dsp,polly-parallel,EXTRALARGE,0.0271095
voffset,dsp,polly-parallel-vectorizer,EXTRALARGE,0.0271185
voffset,dsp,polly-vectorizer,EXTRALARGE,0.0271515
voffset,dsp,torch,EXTRALARGE,0.11333272641059
voffset,dsp,torch_compiled,EXTRALARGE,0.0234125059796497
voffset,dsp,torch_gpu,EXTRALARGE,3.60443955287337e-05
voffset,dsp,torch_gpu_onlykernel,EXTRALARGE,3.16150253638625e-05
vrecip,dsp,clang,EXTRALARGE,0.046477
vrecip,dsp,gcc,EXTRALARGE,0.0460275
vrecip,dsp,jax,EXTRALARGE,0.115503870532848
vrecip,dsp,jax_gpu,EXTRALARGE,0.0343812330393121
vrecip,dsp,jax_gpu_onlykernel,EXTRALARGE,3.91650246456265e-05
vrecip,dsp,numba,EXTRALARGE,0.0930602829903364
vrecip,dsp,numpy,EXTRALARGE,0.0996300275437534
vrecip,dsp,polly,EXTRALARGE,0.0447
vrecip,dsp,polly-parallel,EXTRALARGE,0.0455895
vrecip,dsp,polly-parallel-vectorizer,EXTRALARGE,0.0453185
vrecip,dsp,polly-vectorizer,EXTRALARGE,0.0456655
vrecip,dsp,torch,EXTRALARGE,0.184804333955981
vrecip,dsp,torch_compiled,EXTRALARGE,0.0234067690325901
vrecip,dsp,torch_gpu,EXTRALARGE,5.71201089769602e-05
vrecip,dsp,torch_gpu_onlykernel,EXTRALARGE,5.33194979652762e-05
vscal,dsp,clang,EXTRALARGE,0.0269
vscal,dsp,gcc,EXTRALARGE,0.0270975
vscal,dsp,jax,EXTRALARGE,0.115390668041073
vscal,dsp,jax_gpu,EXTRALARGE,0.0380469340598211
vscal,dsp,jax_gpu_onlykernel,EXTRALARGE,5.9734913520515e-05
vscal,dsp,numba,EXTRALARGE,0.029739708523266
vscal,dsp,numpy,EXTRALARGE,0.0970177259296179
vscal,dsp,polly,EXTRALARGE,0.0270025
vscal,dsp,polly-parallel,EXTRALARGE,0.0272085
vscal,dsp,polly-parallel-vectorizer,EXTRALARGE,0.0269605
vscal,dsp,polly-vectorizer,EXTRALARGE,0.02713
vscal,dsp,torch,EXTRALARGE,0.113379553891718
vscal,dsp,torch_compiled,EXTRALARGE,0.0234553259797394
vscal,dsp,torch_gpu,EXTRALARGE,3.4530065022409e-05
vscal,dsp,torch_gpu_onlykernel,EXTRALARGE,2.96700745820999e-05
vsub,dsp,clang,EXTRALARGE,0.06001
vsub,dsp,gcc,EXTRALARGE,0.0592795
vsub,dsp,jax,EXTRALARGE,0.120501028490253
vsub,dsp,jax_gpu,EXTRALARGE,0.0496456705732271
vsub,dsp,jax_gpu_onlykernel,EXTRALARGE,3.78149561583996e-05
vsub,dsp,numba,EXTRALARGE,0.0545839425176382
vsub,dsp,numpy,EXTRALARGE,0.107920198468491
vsub,dsp,polly,EXTRALARGE,0.0606145
vsub,dsp,polly-parallel,EXTRALARGE,0.060769
vsub,dsp,polly-parallel-vectorizer,EXTRALARGE,0.058602
vsub,dsp,polly-vectorizer,EXTRALARGE,0.059014
vsub,dsp,torch,EXTRALARGE,0.120199479861185
vsub,dsp,torch_compiled,EXTRALARGE,0.0501954364590347
vsub,dsp,torch_gpu,EXTRALARGE,3.86600149795413e-05
vsub,dsp,torch_gpu_onlykernel,EXTRALARGE,3.21149127557874e-05
wvec,dsp,clang,EXTRALARGE,0.061253
wvec,dsp,gcc,EXTRALARGE,0.061143
wvec,dsp,jax,EXTRALARGE,0.121286591049284
wvec,dsp,jax_gpu,EXTRALARGE,0.0517643680796027
wvec,dsp,jax_gpu_onlykernel,EXTRALARGE,6.84845726937056e-05
wvec,dsp,numba,EXTRALARGE,0.0568685475736856
wvec,dsp,numpy,EXTRALARGE,0.138732712017372
wvec,dsp,polly,EXTRALARGE,0.0615975
wvec,dsp,polly-parallel,EXTRALARGE,0.061309
wvec,dsp,polly-parallel-vectorizer,EXTRALARGE,0.0603815
wvec,dsp,polly-vectorizer,EXTRALARGE,0.060334
wvec,dsp,torch,EXTRALARGE,0.191431302577257
wvec,dsp,torch_compiled,EXTRALARGE,0.0502428493928164
wvec,dsp,torch_gpu,EXTRALARGE,4.44500474259257e-05
wvec,dsp,torch_gpu_onlykernel,EXTRALARGE,3.7209945730865e-05
